relic_name,tier,relic_price,item_bronze1,price_bronze1,item_bronze2,price_bronze2,item_bronze3,price_bronze3,item_argent1,price_argent1,item_argent2,price_argent2,item_gold1,price_gold1,ev_intact,ev_radiant
Axi A1 Relic,Axi,14.85,Trinity Prime Systems Blueprint,8.5,Fragor Prime Head,6.75,Braton Prime Stock,1.5,Akstiletto Prime Barrel,14.0,Dual Kamas Prime Handle,8.5,Nikana Prime Blueprint,7.5,6.87,8.04
Axi A10 Relic,Axi,8.4,Akbronco Prime Blueprint,2.0,Forma Blueprint,,Stradavar Prime Receiver,5.0,Wukong Prime Chassis Blueprint,10.5,Paris Prime Grip,3.0,Aksomati Prime Link,39.5,4.05,7.82
Axi A11 Relic,Axi,7.5,Zhuge Prime String,10.0,Fang Prime Blueprint,1.65,Burston Prime Receiver,3.5,Pangolin Prime Blade,6.5,Wukong Prime Systems Blueprint,14.0,Atlas Prime Neuroptics Blueprint,50.0,7.09,11.63
Axi A12 Relic,Axi,5.17,Forma Blueprint,,Mirage Prime Chassis Blueprint,6.0,Kogake Prime Boot,6.5,Helios Prime Systems,8.5,Banshee Prime Blueprint,8.0,Akbolto Prime Receiver,26.5,5.51,8.03
Axi A13 Relic,Axi,5.05,Forma Blueprint,,Burston Prime Receiver,3.5,Inaros Prime Systems Blueprint,8.0,Orthos Prime Blueprint,2.5,Pangolin Prime Blade,6.5,Aksomati Prime Link,39.5,4.69,7.67
Axi A14 Relic,Axi,4.5,Zakti Prime Receiver,5.8,Paris Prime Blueprint,3.3,Volnus Prime Blueprint,4.2,Karyst Prime Handle,3.7,Nidus Prime Blueprint,8.5,Aksomati Prime Link,39.5,5.5,8.61
Axi A15 Relic,Axi,10.8,Baza Prime Receiver,7.0,Forma Blueprint,,Sybaris Prime Stock,9.5,Oberon Prime Systems Blueprint,17.0,Ivara Prime Systems Blueprint,9.0,Aksomati Prime Link,39.5,7.83,11.9
Axi A16 Relic,Axi,8.4,Scourge Prime Blade,4.25,Braton Prime Blueprint,2.55,Fang Prime Handle,1.5,Revenant Prime Systems Blueprint,7.0,Harrow Prime Neuroptics Blueprint,7.0,Afuris Prime Receiver,29.0,4.22,7.08
Axi A17 Relic,Axi,8.6,Forma Blueprint,,Wisp Prime Systems Blueprint,6.0,Braton Prime Barrel,3.5,Orthos Prime Blueprint,2.5,Shade Prime Blueprint,7.0,Afuris Prime Receiver,29.0,4.03,6.38
Axi A18 Relic,Axi,9.15,Forma Blueprint,,Paris Prime Lower Limb,2.0,Cobra & Crane Prime Hilt,6.5,Akbronco Prime Link,2.0,Hildryn Prime Chassis Blueprint,15.0,Acceltra Prime Stock,19.0,4.4,6.72
Axi A19 Relic,Axi,7.8,Paris Prime Blueprint,3.3,Bronco Prime Receiver,3.4,Epitaph Prime Blueprint,5.5,Xaku Prime Systems Blueprint,3.0,Larkspur Prime Receiver,8.5,Acceltra Prime Stock,19.0,4.74,6.23
Axi A2 Relic,Axi,6.0,Lex Prime Receiver,3.5,Forma Blueprint,,Lex Prime Barrel,3.5,Aklex Prime Blueprint,8.5,Lex Prime Blueprint,2.1,Aklex Prime Link,35.0,3.64,6.79
Axi A20 Relic,Axi,7.0,Cedo Prime Stock,4.0,Daikyu Prime String,3.5,Velox Prime Receiver,5.45,Kompressa Prime Receiver,3.5,Lavos Prime Neuroptics Blueprint,5.0,Alternox Prime Blueprint,6.0,4.34,4.46
Axi A21 Relic,Axi,2.42,Styanax Prime Blueprint,8.5,Forma Blueprint,,Vadarya Prime Stock,2.5,Voruna Prime Chassis Blueprint,8.0,Cedo Prime Barrel,4.5,Alternox Prime Stock,8.5,4.33,5.18
Axi A22 Relic,Axi,2.5,Dual Zoren Prime Handle,2.0,Burston Prime Blueprint,2.45,Venato Prime Handle,2.5,2X Forma Blueprint,,Kompressa Prime Receiver,3.5,Afentis Prime Blueprint,14.0,2.43,3.26
Axi A23 Relic,Axi,,Burston Prime Stock,3.0,Velox Prime Receiver,5.45,Forma Blueprint,,Protea Prime Neuroptics Blueprint,3.5,Burston Prime Barrel,4.5,Aksomati Prime Link,39.5,3.81,6.96
Axi A3 Relic,Axi,9.0,Braton Prime Barrel,3.5,Helios Prime Carapace,4.0,Kogake Prime Boot,6.5,Hydroid Prime Neuroptics Blueprint,11.5,Cernos Prime String,7.0,Akbolto Prime Receiver,26.5,6.11,8.68
Axi A4 Relic,Axi,7.5,Braton Prime Stock,1.5,Forma Blueprint,,Zephyr Prime Neuroptics Blueprint,4.0,Fang Prime Handle,1.5,Ballistica Prime String,21.5,Akbolto Prime Receiver,26.5,4.45,8.17
Axi A5 Relic,Axi,10.0,Vasto Prime Barrel,8.5,Vasto Prime Receiver,8.0,Forma Blueprint,,Vasto Prime Blueprint,5.0,Akvasto Prime Link,8.5,Akvasto Prime Blueprint,24.5,6.15,7.9
Axi A6 Relic,Axi,18.25,Orthos Prime Handle,1.6,Braton Prime Stock,1.5,Chroma Prime Blueprint,9.0,Zhuge Prime Blueprint,5.35,Tipedo Prime Ornament,10.0,Atlas Prime Neuroptics Blueprint,50.0,5.75,10.09
Axi A7 Relic,Axi,9.0,Carrier Prime Systems,7.0,Braton Prime Blueprint,2.55,Akstiletto Prime Receiver,18.5,Fragor Prime Blueprint,12.0,2X Forma Blueprint,,Ash Prime Systems Blueprint,18.0,8.79,8.88
Axi A8 Relic,Axi,44.0,Pyrana Prime Barrel,5.5,Braton Prime Stock,1.5,Equinox Prime Chassis Blueprint,4.0,Gram Prime Blueprint,7.5,2X Forma Blueprint,,Aksomati Prime Link,39.5,4.4,7.28
Axi A9 Relic,Axi,6.0,Lex Prime Blueprint,2.1,Rubico Prime Stock,7.0,Gram Prime Blade,6.5,Ivara Prime Systems Blueprint,9.0,Akbronco Prime Link,2.0,Atlas Prime Neuroptics Blueprint,50.0,6.16,9.8
Axi B1 Relic,Axi,24.6,Euphona Prime Blueprint,3.5,Ash Prime Chassis Blueprint,12.5,Fang Prime Blade,3.5,Cernos Prime Blueprint,4.85,Kavasa Prime Buckle,15.9,Banshee Prime Systems Blueprint,19.0,7.6,9.3
Axi B10 Relic,Axi,,Nautilus Prime Blueprint,11.0,Burston Prime Blueprint,2.45,Forma Blueprint,,Epitaph Prime Barrel,3.5,Sevagoth Prime Systems Blueprint,3.0,Ballistica Prime Blueprint,36.0,4.84,7.14
Axi B2 Relic,Axi,15.15,Fragor Prime Head,6.75,Sybaris Prime Blueprint,6.0,Fang Prime Blade,3.5,2X Forma Blueprint,,Orthos Prime Blueprint,2.5,Banshee Prime Systems Blueprint,19.0,4.77,5.11
Axi B3 Relic,Axi,3.4,Paris Prime Lower Limb,2.0,Stradavar Prime Stock,8.5,Forma Blueprint,,Zhuge Prime Receiver,6.0,Atlas Prime Chassis Blueprint,6.5,Baza Prime Stock,34.5,4.72,7.7
Axi B4 Relic,Axi,13.6,Aksomati Prime Blueprint,4.65,Akjagara Prime Blueprint,3.75,Paris Prime Lower Limb,2.0,Ivara Prime Blueprint,8.5,Karyst Prime Handle,3.7,Baza Prime Blueprint,12.5,4.23,5.42
Axi B5 Relic,Axi,11.75,Paris Prime Lower Limb,2.0,Knell Prime Blueprint,4.8,Forma Blueprint,,Nagantaka Prime Receiver,4.5,Volnus Prime Head,6.5,Baruuk Prime Neuroptics Blueprint,10.0,3.13,4.33
Axi B6 Relic,Axi,6.17,Lex Prime Barrel,3.5,Forma Blueprint,,Afuris Prime Blueprint,2.65,Shade Prime Systems,6.5,Garuda Prime Chassis Blueprint,7.0,Baruuk Prime Neuroptics Blueprint,10.0,3.24,4.73
Axi B7 Relic,Axi,7.0,Forma Blueprint,,Burston Prime Blueprint,2.45,Wisp Prime Systems Blueprint,6.0,Gauss Prime Blueprint,4.0,Hystrix Prime Blueprint,5.35,Baruuk Prime Neuroptics Blueprint,10.0,3.37,4.28
Axi B8 Relic,Axi,5.73,Okina Prime Blade,7.0,Forma Blueprint,,Burston Prime Blueprint,2.45,Fang Prime Handle,1.5,Revenant Prime Systems Blueprint,7.0,Baruuk Prime Neuroptics Blueprint,10.0,3.53,4.28
Axi B9 Relic,Axi,4.08,Afuris Prime Blueprint,2.65,Braton Prime Blueprint,2.55,Forma Blueprint,,Cobra & Crane Prime Blueprint,3.8,Baruuk Prime Neuroptics Blueprint,10.0,Baruuk Prime Blueprint,13.0,3.1,4.93
Axi C1 Relic,Axi,13.9,Trinity Prime Neuroptics Blueprint,10.0,Vectis Prime Barrel,20.0,Lex Prime Receiver,3.5,Orthos Prime Blueprint,2.5,2X Forma Blueprint,,Cernos Prime Lower Limb,22.5,9.21,8.33
Axi C10 Relic,Axi,4.33,Epitaph Prime Blueprint,5.5,Okina Prime Blade,7.0,Lavos Prime Chassis Blueprint,1.5,Daikyu Prime Lower Limb,2.0,2X Forma Blueprint,,Caliban Prime Systems Blueprint,13.0,4.03,4.03
Axi C11 Relic,Axi,4.4,Perigale Prime Stock,3.0,Epitaph Prime Blueprint,5.5,Braton Prime Barrel,3.5,Daikyu Prime Lower Limb,2.0,Akbronco Prime Link,2.0,Caliban Prime Systems Blueprint,13.0,3.74,4.1
Axi C12 Relic,Axi,14.0,Vadarya Prime Stock,2.5,Daikyu Prime Blueprint,1.5,Alternox Prime Receiver,2.5,Kestrel Prime Blueprint,2.75,Corufell Prime Handle,8.5,Citrine Prime Neuroptics Blueprint,49.0,3.86,8.23
Axi C2 Relic,Axi,25.9,Forma Blueprint,,Trinity Prime Systems Blueprint,8.5,Braton Prime Blueprint,2.55,Silva & Aegis Prime Blade,7.5,Fragor Prime Handle,11.9,Cernos Prime Lower Limb,22.5,5.38,7.97
Axi C3 Relic,Axi,15.5,Helios Prime Carapace,4.0,Forma Blueprint,,Hydroid Prime Chassis Blueprint,7.0,Banshee Prime Blueprint,8.0,Pyrana Prime Receiver,8.5,Chroma Prime Systems Blueprint,28.0,5.16,7.93
Axi C4 Relic,Axi,24.5,Braton Prime Blueprint,2.55,Hydroid Prime Chassis Blueprint,7.0,Pyrana Prime Barrel,5.5,Sybaris Prime Receiver,8.0,Kogake Prime Blueprint,6.0,Chroma Prime Systems Blueprint,28.0,5.91,8.11
Axi C5 Relic,Axi,9.4,Braton Prime Barrel,3.5,Panthera Prime Blueprint,5.5,Tekko Prime Gauntlet,8.0,Tipedo Prime Ornament,10.0,Akbronco Prime Link,2.0,Corinth Prime Barrel,29.0,6.21,8.13
Axi C6 Relic,Axi,8.8,Pangolin Prime Handle,6.5,Karyst Prime Blueprint,6.6,Forma Blueprint,,Pandero Prime Barrel,4.6,Ivara Prime Systems Blueprint,9.0,Corinth Prime Barrel,29.0,5.39,7.8
Axi C7 Relic,Axi,14.8,Bronco Prime Blueprint,3.4,Magnus Prime Blueprint,7.0,Lex Prime Receiver,3.5,Volnus Prime Head,6.5,Tenora Prime Stock,10.0,Corinth Prime Barrel,29.0,5.92,8.52
Axi C8 Relic,Axi,10.3,Gara Prime Systems Blueprint,6.5,Burston Prime Blueprint,2.45,Forma Blueprint,,Pangolin Prime Blade,6.5,Volnus Prime Head,6.5,Corinth Prime Stock,15.0,4.0,5.59
Axi C9 Relic,Axi,6.0,Revenant Prime Chassis Blueprint,7.0,Braton Prime Receiver,3.5,Forma Blueprint,,Tatsu Prime Blade,4.5,Phantasma Prime Stock,13.5,Cobra & Crane Prime Guard,10.0,4.84,6.35
Axi D1 Relic,Axi,14.0,Braton Prime Blueprint,2.55,Chroma Prime Blueprint,9.0,Tiberon Prime Receiver,8.0,Zhuge Prime Receiver,6.0,2X Forma Blueprint,,Destreza Prime Blade,64.5,6.9,10.91
Axi D2 Relic,Axi,7.0,Aksomati Prime Receiver,6.0,Braton Prime Blueprint,2.55,Destreza Prime Handle,18.0,2X Forma Blueprint,,Rubico Prime Stock,7.0,Destreza Prime Blade,64.5,8.79,12.28
Axi D3 Relic,Axi,11.9,Limbo Prime Systems Blueprint,3.0,Lex Prime Blueprint,2.1,Braton Prime Stock,1.5,Pyrana Prime Receiver,8.5,Destreza Prime Blueprint,8.0,Dual Kamas Prime Blade,35.0,4.19,7.9
Axi D4 Relic,Axi,15.0,Latron Prime Barrel,17.5,Frost Prime Neuroptics Blueprint,8.5,Forma Blueprint,,Boar Prime Barrel,16.0,Mag Prime Neuroptics Blueprint,9.5,Dakra Prime Blade,15.5,9.7,10.98
Axi D5 Relic,Axi,6.7,Akarius Prime Barrel,7.0,Afuris Prime Blueprint,2.65,Paris Prime Upper Limb,2.8,Larkspur Prime Stock,8.0,Revenant Prime Neuroptics Blueprint,6.5,Dual Keres Prime Blueprint,15.5,5.06,6.53
Axi D6 Relic,Axi,1.59,Lex Prime Receiver,3.5,Lavos Prime Chassis Blueprint,1.5,Paris Prime Lower Limb,2.0,Orthos Prime Blade,4.0,Cedo Prime Barrel,4.5,Dual Zoren Prime Blade,10.5,2.92,3.92
Axi E1 Relic,Axi,14.1,Latron Prime Barrel,17.5,Sicarus Prime Blueprint,8.85,Frost Prime Neuroptics Blueprint,8.5,Glaive Prime Blade,17.0,2X Forma Blueprint,,Ember Prime Blueprint,26.0,11.22,11.81
Axi E2 Relic,Axi,6.8,Paris Prime Blueprint,3.3,Lex Prime Receiver,3.5,Braton Prime Stock,1.5,Bronco Prime Barrel,2.0,2X Forma Blueprint,,Euphona Prime Receiver,25.5,2.83,4.33
Axi F1 Relic,Axi,10.0,Lex Prime Blueprint,2.1,Forma Blueprint,,Braton Prime Stock,1.5,Atlas Prime Systems Blueprint,7.0,Vauban Prime Blueprint,15.0,Fragor Prime Blueprint,12.0,3.57,6.2
Axi F2 Relic,Axi,12.4,Revenant Prime Chassis Blueprint,7.0,Bronco Prime Receiver,3.4,Masseter Prime Handle,3.15,Velox Prime Blueprint,3.05,Wisp Prime Neuroptics Blueprint,6.0,Fulmin Prime Receiver,23.0,4.89,6.37
Axi F3 Relic,Axi,6.0,Forma Blueprint,,Epitaph Prime Blueprint,5.5,Braton Prime Stock,1.5,Bronco Prime Barrel,2.0,Lavos Prime Blueprint,3.0,Fulmin Prime Receiver,23.0,2.78,4.47
Axi G1 Relic,Axi,23.0,Nekros Prime Chassis Blueprint,8.5,Saryn Prime Systems Blueprint,6.5,Paris Prime Blueprint,3.3,Kavasa Prime Kubrow Collar Blueprint,6.2,2X Forma Blueprint,,Galatine Prime Blueprint,36.0,6.04,7.89
Axi G10 Relic,Axi,7.8,Corvas Prime Receiver,6.7,Forma Blueprint,,Orthos Prime Handle,1.6,Larkspur Prime Receiver,8.5,Hystrix Prime Blueprint,5.35,Garuda Prime Systems Blueprint,35.0,4.33,7.65
Axi G11 Relic,Axi,4.0,Forma Blueprint,,Orthos Prime Handle,1.6,Shade Prime Cerebrum,7.0,Braton Prime Blueprint,2.55,Afuris Prime Link,4.1,Grendel Prime Systems Blueprint,31.5,3.54,5.91
Axi G12 Relic,Axi,8.0,Bronco Prime Blueprint,3.4,Revenant Prime Chassis Blueprint,7.0,Burston Prime Blueprint,2.45,Masseter Prime Blueprint,2.75,2X Forma Blueprint,,Garuda Prime Neuroptics Blueprint,26.0,4.08,5.29
Axi G13 Relic,Axi,7.75,Hystrix Prime Barrel,6.0,Lex Prime Barrel,3.5,Forma Blueprint,,Nagantaka Prime Receiver,4.5,Khora Prime Chassis Blueprint,8.0,Garuda Prime Neuroptics Blueprint,26.0,4.3,6.68
Axi G14 Relic,Axi,5.0,Quassus Prime Handle,4.0,Fang Prime Blade,3.5,Sevagoth Prime Neuroptics Blueprint,2.5,2X Forma Blueprint,,Zylok Prime Receiver,4.0,Grendel Prime Systems Blueprint,31.5,3.6,5.62
Axi G15 Relic,Axi,7.7,Grendel Prime Neuroptics Blueprint,5.5,Bronco Prime Blueprint,3.4,Forma Blueprint,,Zylok Prime Receiver,4.0,Paris Prime Grip,3.0,Gauss Prime Systems Blueprint,28.0,3.58,5.68
Axi G2 Relic,Axi,23.3,Wukong Prime Neuroptics Blueprint,8.5,Akbolto Prime Blueprint,2.5,Burston Prime Receiver,3.5,Tipedo Prime Ornament,10.0,Redeemer Prime Blueprint,4.35,Gram Prime Handle,18.5,5.62,7.14
Axi G3 Relic,Axi,31.6,Lex Prime Blueprint,2.1,Forma Blueprint,,Ninkondi Prime Blueprint,4.2,Burston Prime Barrel,4.5,Kronen Prime Handle,8.5,Gram Prime Handle,18.5,3.4,5.5
Axi G4 Relic,Axi,13.1,Fang Prime Blueprint,1.65,Aksomati Prime Receiver,6.0,Tekko Prime Gauntlet,8.0,Pangolin Prime Blade,6.5,Burston Prime Barrel,4.5,Gram Prime Handle,18.5,5.54,6.66
Axi G5 Relic,Axi,11.4,Chroma Prime Blueprint,9.0,Tiberon Prime Receiver,8.0,Burston Prime Stock,3.0,Zephyr Prime Blueprint,16.0,2X Forma Blueprint,,Gram Prime Handle,18.5,7.2,8.38
Axi G6 Relic,Axi,10.47,Aksomati Prime Blueprint,4.65,Karyst Prime Blueprint,6.6,Forma Blueprint,,Braton Prime Stock,1.5,Nezha Prime Blueprint,7.0,Gara Prime Blueprint,24.5,4.27,6.03
Axi G7 Relic,Axi,16.3,Gara Prime Systems Blueprint,6.5,Burston Prime Blueprint,2.45,Inaros Prime Systems Blueprint,8.0,Tenora Prime Stock,10.0,Astilla Prime Blueprint,3.85,Garuda Prime Systems Blueprint,35.0,6.52,9.1
Axi G8 Relic,Axi,8.0,Dual Keres Prime Blade,8.5,Braton Prime Blueprint,2.55,Corvas Prime Stock,4.8,2X Forma Blueprint,,Gara Prime Chassis Blueprint,14.0,Garuda Prime Systems Blueprint,35.0,6.25,8.94
Axi G9 Relic,Axi,15.2,Burston Prime Blueprint,2.45,Dual Keres Prime Blade,8.5,Forma Blueprint,,Garuda Prime Chassis Blueprint,7.0,Cobra & Crane Prime Blade,4.0,Gara Prime Blueprint,24.5,4.47,6.48
Axi H1 Relic,Axi,20.6,Forma Blueprint,,Fragor Prime Head,6.75,Vectis Prime Barrel,20.0,Akstiletto Prime Receiver,18.5,Trinity Prime Chassis Blueprint,11.5,Helios Prime Cerebrum,20.0,10.48,12.46
Axi H2 Relic,Axi,18.7,Oberon Prime Chassis Blueprint,10.0,Lex Prime Receiver,3.5,Fang Prime Handle,1.5,Trinity Prime Chassis Blueprint,11.5,Akstiletto Prime Barrel,14.0,Helios Prime Cerebrum,20.0,7.0,9.6
Axi H3 Relic,Axi,17.75,Kronen Prime Blueprint,4.1,Cernos Prime Grip,7.0,Helios Prime Carapace,4.0,Burston Prime Barrel,4.5,2X Forma Blueprint,,Hydroid Prime Systems Blueprint,36.5,5.05,7.07
Axi H4 Relic,Axi,10.0,Mesa Prime Chassis Blueprint,5.5,Mirage Prime Chassis Blueprint,6.0,Paris Prime Upper Limb,2.8,Akbolto Prime Link,3.5,2X Forma Blueprint,,Hydroid Prime Systems Blueprint,36.5,4.74,6.73
Axi H5 Relic,Axi,5.5,Banshee Prime Neuroptics Blueprint,5.5,Euphona Prime Blueprint,3.5,Akbolto Prime Blueprint,2.5,Mirage Prime Systems Blueprint,14.0,2X Forma Blueprint,,Helios Prime Cerebrum,20.0,4.85,6.72
Axi H6 Relic,Axi,11.5,Cobra & Crane Prime Hilt,6.5,Paris Prime Upper Limb,2.8,Garuda Prime Blueprint,4.0,Braton Prime Receiver,3.5,2X Forma Blueprint,,Hildryn Prime Blueprint,35.0,4.45,6.42
Axi H7 Relic,Axi,7.2,Braton Prime Receiver,3.5,Paris Prime Lower Limb,2.0,Cobra & Crane Prime Hilt,6.5,Fulmin Prime Stock,6.5,2X Forma Blueprint,,Harrow Prime Systems Blueprint,31.5,4.38,6.45
Axi H8 Relic,Axi,6.67,Zylok Prime Barrel,5.0,Forma Blueprint,,Akarius Prime Barrel,7.0,Shade Prime Blueprint,7.0,Fulmin Prime Blueprint,6.0,Hildryn Prime Blueprint,35.0,5.17,8.1
Axi I1 Relic,Axi,10.0,Pangolin Prime Handle,6.5,Panthera Prime Blueprint,5.5,Dethcube Prime Systems,7.0,Volnus Prime Head,6.5,2X Forma Blueprint,,Inaros Prime Neuroptics Blueprint,40.0,6.33,8.47
Axi I2 Relic,Axi,10.5,Strun Prime Receiver,6.5,Tenora Prime Blueprint,4.5,Forma Blueprint,,Gara Prime Chassis Blueprint,14.0,Baza Prime Barrel,6.0,Inaros Prime Neuroptics Blueprint,40.0,5.79,9.83
Axi I3 Relic,Axi,12.0,Panthera Prime Blueprint,5.5,Karyst Prime Blueprint,6.6,Forma Blueprint,,Ash Prime Blueprint,10.0,Fang Prime Handle,1.5,Inaros Prime Neuroptics Blueprint,40.0,5.13,8.32
Axi K1 Relic,Axi,9.55,Odonata Prime Harness Blueprint,9.5,Hikou Prime Pouch,12.5,Lex Prime Barrel,3.5,2X Forma Blueprint,,Akstiletto Prime Receiver,18.5,Kavasa Prime Buckle,15.9,8.81,9.54
Axi K10 Relic,Axi,8.4,Tenora Prime Blueprint,4.5,Forma Blueprint,,Magnus Prime Blueprint,7.0,Braton Prime Receiver,3.5,Strun Prime Stock,8.5,Knell Prime Barrel,34.5,4.92,7.77
Axi K11 Relic,Axi,7.3,Fang Prime Blueprint,1.65,Forma Blueprint,,Burston Prime Blueprint,2.45,Cobra & Crane Prime Blueprint,3.8,Scourge Prime Handle,5.6,Knell Prime Barrel,34.5,2.76,6.01
Axi K12 Relic,Axi,8.0,Ash Prime Chassis Blueprint,12.5,Carrier Prime Systems,7.0,Forma Blueprint,,Inaros Prime Blueprint,7.0,Vectis Prime Stock,25.0,Karyst Prime Blade,22.5,8.91,11.9
Axi K2 Relic,Axi,13.0,Orthos Prime Handle,1.6,Sybaris Prime Blueprint,6.0,Forma Blueprint,,Cernos Prime String,7.0,Galatine Prime Handle,5.5,Kronen Prime Blade,34.0,3.98,7.17
Axi K3 Relic,Axi,7.5,Paris Prime Blueprint,3.3,Tiberon Prime Receiver,8.0,Cernos Prime Grip,7.0,Pyrana Prime Receiver,8.5,Banshee Prime Blueprint,8.0,Kronen Prime Blade,34.0,7.13,9.75
Axi K4 Relic,Axi,12.6,Paris Prime Blueprint,3.3,Forma Blueprint,,Sybaris Prime Stock,9.5,Kogake Prime Blueprint,6.0,Destreza Prime Blueprint,8.0,Kronen Prime Blade,34.0,5.46,8.33
Axi K5 Relic,Axi,13.5,Ballistica Prime Lower Limb,9.5,Braton Prime Blueprint,2.55,Forma Blueprint,,Hydroid Prime Blueprint,15.5,Equinox Prime Blueprint,11.0,Kronen Prime Blade,34.0,6.65,10.71
Axi K6 Relic,Axi,11.0,Braton Prime Blueprint,2.55,Octavia Prime Neuroptics Blueprint,4.0,Forma Blueprint,,Harrow Prime Blueprint,6.0,Inaros Prime Chassis Blueprint,5.0,Karyst Prime Blade,22.5,3.32,5.54
Axi K7 Relic,Axi,12.9,Forma Blueprint,,Paris Prime Blueprint,3.3,Karyst Prime Blueprint,6.6,Corvas Prime Blueprint,5.3,Gara Prime Chassis Blueprint,14.0,Knell Prime Barrel,34.5,5.32,8.96
Axi K8 Relic,Axi,9.3,Burston Prime Blueprint,2.45,Corvas Prime Receiver,6.7,Forma Blueprint,,Akbronco Prime Link,2.0,Octavia Prime Chassis Blueprint,9.5,Khora Prime Neuroptics Blueprint,28.5,4.15,6.68
Axi K9 Relic,Axi,4.6,Orthos Prime Handle,1.6,Nagantaka Prime Barrel,7.0,Paris Prime Blueprint,3.3,Hystrix Prime Blueprint,5.35,Volnus Prime Head,6.5,Knell Prime Barrel,34.5,5.01,7.8
Axi L1 Relic,Axi,34.0,Reaper Prime Blueprint,9.25,Wyrm Prime Carapace,13.5,Latron Prime Blueprint,17.5,2X Forma Blueprint,,Glaive Prime Blade,17.0,Loki Prime Systems Blueprint,29.0,12.65,13.01
Axi L2 Relic,Axi,10.5,Orthos Prime Handle,1.6,Braton Prime Blueprint,2.55,Nami Skyla Prime Blueprint,8.55,2X Forma Blueprint,,Tiberon Prime Blueprint,5.65,Limbo Prime Neuroptics Blueprint,28.0,4.4,6.05
Axi L3 Relic,Axi,11.0,Nami Skyla Prime Blueprint,8.55,Kronen Prime Blueprint,4.1,Fang Prime Handle,1.5,Akjagara Prime Receiver,10.0,Zephyr Prime Chassis Blueprint,5.0,Limbo Prime Chassis Blueprint,48.5,6.2,10.21
Axi L4 Relic,Axi,7.0,Forma Blueprint,,Bo Prime Ornament,21.5,Wyrm Prime Carapace,13.5,Volt Prime Systems Blueprint,8.5,Odonata Prime Blueprint,8.0,Loki Prime Systems Blueprint,29.0,11.26,12.03
Axi L5 Relic,Axi,6.2,Fang Prime Blueprint,1.65,Burston Prime Blueprint,2.45,Rubico Prime Stock,7.0,Akbronco Prime Link,2.0,Kronen Prime Handle,8.5,Limbo Prime Chassis Blueprint,48.5,4.94,8.8
Axi L6 Relic,Axi,7.0,Zylok Prime Barrel,5.0,Fang Prime Blade,3.5,Paris Prime Blueprint,3.3,Hildryn Prime Chassis Blueprint,15.0,Cobra & Crane Prime Blade,4.0,Larkspur Prime Barrel,40.0,5.88,9.77
Axi M1 Relic,Axi,17.5,Zhuge Prime String,10.0,Lex Prime Barrel,3.5,Mesa Prime Chassis Blueprint,5.5,Orthos Prime Blueprint,2.5,Rubico Prime Barrel,7.5,Mirage Prime Blueprint,25.0,6.41,7.67
Axi M2 Relic,Axi,7.75,Bronco Prime Receiver,3.4,Titania Prime Chassis Blueprint,9.0,Burston Prime Blueprint,2.45,Panthera Prime Stock,7.5,Nezha Prime Blueprint,7.0,Magnus Prime Barrel,23.5,5.83,7.73
Axi M3 Relic,Axi,10.0,Akjagara Prime Blueprint,3.75,Fang Prime Blade,3.5,Forma Blueprint,,Hydroid Prime Neuroptics Blueprint,11.5,Ballistica Prime Upper Limb,12.5,Mesa Prime Neuroptics Blueprint,29.0,5.06,8.91
Axi M4 Relic,Axi,14.0,Destreza Prime Handle,18.0,Vasto Prime Barrel,8.5,Forma Blueprint,,Redeemer Prime Blueprint,4.35,Limbo Prime Neuroptics Blueprint,28.0,Mesa Prime Neuroptics Blueprint,29.0,10.85,13.79
Axi M5 Relic,Axi,8.02,Magnus Prime Blueprint,7.0,Akmagnus Prime Blueprint,8.5,Forma Blueprint,,Magnus Prime Receiver,4.5,Akmagnus Prime Link,8.5,Magnus Prime Barrel,23.5,5.83,7.53
Axi M6 Relic,Axi,1.0,Burston Prime Blueprint,2.45,Acceltra Prime Blueprint,2.6,Grendel Prime Neuroptics Blueprint,5.5,Cedo Prime Receiver,3.0,Xaku Prime Systems Blueprint,3.0,Masseter Prime Blade,11.5,3.56,4.11
Axi N1 Relic,Axi,20.0,Braton Prime Blueprint,2.55,Forma Blueprint,,Fang Prime Blade,3.5,Akstiletto Prime Link,9.1,Odonata Prime Wings Blueprint,24.5,Ash Prime Systems Blueprint,18.0,5.59,9.53
Axi N10 Relic,Axi,8.8,Harrow Prime Chassis Blueprint,11.0,Afuris Prime Barrel,4.5,Tatsu Prime Blueprint,4.1,Bronco Prime Barrel,2.0,Phantasma Prime Blueprint,6.0,Nidus Prime Neuroptics Blueprint,38.0,6.6,8.67
Axi N11 Relic,Axi,7.0,Khora Prime Systems Blueprint,7.0,Burston Prime Receiver,3.5,Forma Blueprint,,Garuda Prime Chassis Blueprint,7.0,Fang Prime Handle,1.5,Nagantaka Prime Blueprint,13.5,3.86,4.8
Axi N12 Relic,Axi,10.0,Nikana Prime Blueprint,7.5,Paris Prime String,1.6,Forma Blueprint,,Saryn Prime Blueprint,16.0,Strun Prime Barrel,8.5,Nidus Prime Chassis Blueprint,30.0,5.6,9.42
Axi N13 Relic,Axi,6.0,Quassus Prime Handle,4.0,Protea Prime Blueprint,2.6,Okina Prime Blade,7.0,Kompressa Prime Receiver,3.5,2X Forma Blueprint,,Nautilus Prime Cerebrum,24.0,4.31,5.37
Axi N14 Relic,Axi,,Hydroid Prime Chassis Blueprint,7.0,Bronco Prime Blueprint,3.4,Forma Blueprint,,Nautilus Prime Carapace,6.0,Ballistica Prime Upper Limb,12.5,Nami Skyla Prime Blade,30.0,5.27,8.43
Axi N2 Relic,Axi,11.0,Carrier Prime Carapace,13.5,Lex Prime Receiver,3.5,Bronco Prime Blueprint,3.4,2X Forma Blueprint,,Ash Prime Neuroptics Blueprint,8.5,Nikana Prime Hilt,37.5,6.85,8.85
Axi N3 Relic,Axi,27.0,Paris Prime Upper Limb,2.8,Dual Kamas Prime Blueprint,5.35,Forma Blueprint,,Volt Prime Blueprint,14.0,Bronco Prime Barrel,2.0,Nekros Prime Blueprint,26.5,4.35,7.21
Axi N4 Relic,Axi,23.7,Cernos Prime Upper Limb,7.5,Nekros Prime Chassis Blueprint,8.5,Galatine Prime Blade,6.4,Hydroid Prime Neuroptics Blueprint,11.5,Fragor Prime Handle,11.9,Nikana Prime Hilt,37.5,9.0,12.16
Axi N5 Relic,Axi,15.8,Euphona Prime Blueprint,3.5,Oberon Prime Chassis Blueprint,10.0,Lex Prime Barrel,3.5,Nekros Prime Neuroptics Blueprint,24.0,Helios Prime Systems,8.5,Nami Skyla Prime Blade,30.0,8.48,12.33
Axi N6 Relic,Axi,18.0,Nikana Prime Blueprint,7.5,Braton Prime Barrel,3.5,Lex Prime Receiver,3.5,Saryn Prime Blueprint,16.0,Braton Prime Receiver,3.5,Nikana Prime Hilt,37.5,6.57,10.07
Axi N7 Relic,Axi,9.9,Baza Prime Receiver,7.0,Astilla Prime Receiver,7.0,Octavia Prime Systems Blueprint,7.5,Dethcube Prime Carapace,5.0,2X Forma Blueprint,,Nezha Prime Chassis Blueprint,30.0,6.6,7.58
Axi N8 Relic,Axi,7.5,Forma Blueprint,,Braton Prime Receiver,3.5,Bronco Prime Blueprint,3.4,Pandero Prime Barrel,4.6,Strun Prime Barrel,8.5,Nezha Prime Neuroptics Blueprint,23.5,3.66,6.12
Axi N9 Relic,Axi,11.4,Pandero Prime Blueprint,4.8,Forma Blueprint,,Bronco Prime Blueprint,3.4,Phantasma Prime Blueprint,6.0,Astilla Prime Blueprint,3.85,Nidus Prime Neuroptics Blueprint,38.0,3.92,7.14
Axi O1 Relic,Axi,10.0,Euphona Prime Blueprint,3.5,Paris Prime Blueprint,3.3,Forma Blueprint,,Akstiletto Prime Receiver,18.5,Galatine Prime Handle,5.5,Oberon Prime Systems Blueprint,17.0,4.7,7.63
Axi O2 Relic,Axi,17.55,Galatine Prime Blade,6.4,Paris Prime String,1.6,Fang Prime Blade,3.5,Tiberon Prime Blueprint,5.65,Helios Prime Systems,8.5,Oberon Prime Systems Blueprint,17.0,4.81,6.45
Axi O3 Relic,Axi,18.5,Destreza Prime Handle,18.0,Burston Prime Stock,3.0,Forma Blueprint,,Venka Prime Blueprint,4.5,Zephyr Prime Chassis Blueprint,5.0,Oberon Prime Systems Blueprint,17.0,6.7,7.1
Axi O4 Relic,Axi,19.2,Destreza Prime Handle,18.0,Zephyr Prime Neuroptics Blueprint,4.0,Lex Prime Blueprint,2.1,Gram Prime Blueprint,7.5,Tiberon Prime Blueprint,5.65,Oberon Prime Systems Blueprint,17.0,7.89,8.35
Axi O5 Relic,Axi,8.0,Lex Prime Receiver,3.5,Nezha Prime Systems Blueprint,6.5,Panthera Prime Blueprint,5.5,Inaros Prime Chassis Blueprint,5.0,Fang Prime Handle,1.5,Octavia Prime Blueprint,47.0,5.58,8.58
Axi O6 Relic,Axi,3.5,Forma Blueprint,,Epitaph Prime Blueprint,5.5,Braton Prime Blueprint,2.55,Zylok Prime Receiver,4.0,Acceltra Prime Receiver,4.0,Okina Prime Blueprint,15.0,3.22,4.44
Axi P1 Relic,Axi,15.8,Forma Blueprint,,Equinox Prime Chassis Blueprint,4.0,Akjagara Prime Blueprint,3.75,Ninkondi Prime Chain,4.4,Kogake Prime Blueprint,6.0,Pyrana Prime Blueprint,40.0,3.91,7.37
Axi P10 Relic,Axi,1.67,Fang Prime Blade,3.5,Forma Blueprint,,Caliban Prime Chassis Blueprint,3.0,Athodai Prime Receiver,8.5,Lavos Prime Neuroptics Blueprint,5.0,Perigale Prime Barrel,18.5,3.5,5.63
Axi P2 Relic,Axi,33.15,Dethcube Prime Systems,7.0,Bronco Prime Blueprint,3.4,Tiberon Prime Receiver,8.0,Destreza Prime Blueprint,8.0,Rubico Prime Stock,7.0,Pyrana Prime Blueprint,40.0,7.11,10.07
Axi P3 Relic,Axi,9.3,Forma Blueprint,,Bronco Prime Blueprint,3.4,Zhuge Prime Grip,5.4,Wukong Prime Systems Blueprint,14.0,Burston Prime Barrel,4.5,Pyrana Prime Blueprint,40.0,5.06,9.17
Axi P4 Relic,Axi,21.0,Pandero Prime Blueprint,4.8,Knell Prime Blueprint,4.8,Fang Prime Handle,1.5,Strun Prime Barrel,8.5,Corinth Prime Receiver,4.55,Pangolin Prime Blueprint,10.3,4.45,5.49
Axi P5 Relic,Axi,4.0,Octavia Prime Neuroptics Blueprint,4.0,Vasto Prime Barrel,8.5,Forma Blueprint,,Tenora Prime Stock,10.0,Vasto Prime Blueprint,5.0,Pandero Prime Receiver,28.5,5.39,7.93
Axi P6 Relic,Axi,3.7,Hystrix Prime Barrel,6.0,Orthos Prime Handle,1.6,Hildryn Prime Systems Blueprint,3.5,2X Forma Blueprint,,Masseter Prime Blueprint,2.75,Phantasma Prime Stock,13.5,3.38,3.75
Axi P7 Relic,Axi,8.3,Baruuk Prime Systems Blueprint,7.0,Fang Prime Blade,3.5,Tatsu Prime Blueprint,4.1,Braton Prime Stock,1.5,2X Forma Blueprint,,Protea Prime Chassis Blueprint,13.5,4.13,4.08
Axi P8 Relic,Axi,1.0,Dual Zoren Prime Handle,2.0,Velox Prime Receiver,5.45,Fang Prime Blueprint,1.65,Epitaph Prime Barrel,3.5,2X Forma Blueprint,,Protea Prime Chassis Blueprint,13.5,2.96,3.57
Axi P9 Relic,Axi,11.3,Orthos Prime Handle,1.6,Gunsen Prime Blueprint,3.3,Trumna Prime Blueprint,1.55,2X Forma Blueprint,,Gauss Prime Neuroptics Blueprint,8.0,Protea Prime Systems Blueprint,12.0,2.75,3.88
Axi R1 Relic,Axi,12.0,Boltor Prime Stock,11.5,Mag Prime Systems Blueprint,15.5,Boar Prime Receiver,16.0,Dakra Prime Blueprint,7.25,Ankyros Prime Blade,8.5,Rhino Prime Blueprint,22.0,13.06,12.52
Axi R2 Relic,Axi,10.4,Lex Prime Receiver,3.5,Forma Blueprint,,Destreza Prime Handle,18.0,Mirage Prime Systems Blueprint,14.0,Chroma Prime Chassis Blueprint,8.5,Redeemer Prime Handle,37.5,8.67,11.83
Axi R3 Relic,Axi,21.5,Stradavar Prime Stock,8.5,Fang Prime Blade,3.5,Zephyr Prime Neuroptics Blueprint,4.0,Wukong Prime Systems Blueprint,14.0,Akjagara Prime Link,6.5,Redeemer Prime Handle,37.5,7.06,10.52
Axi R4 Relic,Axi,10.0,Boltor Prime Stock,11.5,Burston Prime Blueprint,2.45,Forma Blueprint,,Ember Prime Systems Blueprint,9.0,Glaive Prime Disc,8.5,Rhino Prime Blueprint,22.0,5.9,8.03
Axi S1 Relic,Axi,11.0,Forma Blueprint,,Bronco Prime Receiver,3.4,Bronco Prime Blueprint,3.4,Akbronco Prime Link,2.0,Trinity Prime Blueprint,13.0,Scindo Prime Blade,13.5,3.64,5.48
Axi S10 Relic,Axi,15.2,Nagantaka Prime Barrel,7.0,Guandao Prime Blade,8.0,Forma Blueprint,,Bronco Prime Barrel,2.0,Panthera Prime Stock,7.5,Scourge Prime Barrel,34.5,5.53,7.85
Axi S11 Relic,Axi,13.2,Akbronco Prime Blueprint,2.0,Panthera Prime Blueprint,5.5,Fang Prime Handle,1.5,Octavia Prime Chassis Blueprint,9.5,Paris Prime Upper Limb,2.8,Scourge Prime Blueprint,16.5,3.96,5.61
Axi S12 Relic,Axi,9.15,Nezha Prime Systems Blueprint,6.5,Lex Prime Receiver,3.5,Paris Prime Lower Limb,2.0,Tenora Prime Stock,10.0,Harrow Prime Neuroptics Blueprint,7.0,Scourge Prime Blueprint,16.5,5.24,7.05
Axi S13 Relic,Axi,39.5,Aksomati Prime Receiver,6.0,Forma Blueprint,,Braton Prime Blueprint,2.55,Baza Prime Blueprint,12.5,Ivara Prime Blueprint,8.5,Sybaris Prime Barrel,32.5,5.13,8.88
Axi S14 Relic,Axi,6.8,Lex Prime Blueprint,2.1,Magnus Prime Blueprint,7.0,Nagantaka Prime Barrel,7.0,Gara Prime Neuroptics Blueprint,6.0,2X Forma Blueprint,,Scourge Prime Barrel,34.5,5.43,7.33
Axi S15 Relic,Axi,,Harrow Prime Chassis Blueprint,11.0,Lex Prime Receiver,3.5,Forma Blueprint,,Knell Prime Receiver,4.5,Vasto Prime Blueprint,5.0,Scourge Prime Blueprint,16.5,5.05,5.97
Axi S16 Relic,Axi,6.4,Larkspur Prime Blueprint,5.0,Akbronco Prime Blueprint,2.0,Lex Prime Receiver,3.5,Nautilus Prime Systems,3.5,Protea Prime Neuroptics Blueprint,3.5,Shade Prime Carapace,30.0,4.03,6.15
Axi S17 Relic,Axi,11.6,Paris Prime Blueprint,3.3,Hildryn Prime Systems Blueprint,3.5,Grendel Prime Neuroptics Blueprint,5.5,Braton Prime Receiver,3.5,2X Forma Blueprint,,Sevagoth Prime Chassis Blueprint,27.0,4.04,5.45
Axi S18 Relic,Axi,4.2,Forma Blueprint,,Paris Prime String,1.6,Cedo Prime Stock,4.0,Vadarya Prime Receiver,3.0,Velox Prime Blueprint,3.05,Sevagoth Prime Chassis Blueprint,27.0,2.62,4.84
Axi S19 Relic,Axi,13.0,Hildryn Prime Systems Blueprint,3.5,Burston Prime Blueprint,2.45,Forma Blueprint,,Gunsen Prime Handle,7.0,Fulmin Prime Stock,6.5,Shade Prime Carapace,30.0,3.59,6.69
Axi S2 Relic,Axi,22.0,Wyrm Prime Blueprint,13.5,Loki Prime Blueprint,8.5,Latron Prime Receiver,17.5,2X Forma Blueprint,,Ember Prime Systems Blueprint,9.0,Sicarus Prime Receiver,36.9,11.73,12.07
Axi S20 Relic,Axi,1.67,Paris Prime String,1.6,Forma Blueprint,,Dual Zoren Prime Handle,2.0,Orthos Prime Blueprint,2.5,Xaku Prime Systems Blueprint,3.0,Sarofang Prime Blade,7.0,1.66,2.4
Axi S21 Relic,Axi,6.5,Caliban Prime Chassis Blueprint,3.0,Dual Zoren Prime Handle,2.0,Cedo Prime Stock,4.0,2X Forma Blueprint,,Gyre Prime Blueprint,3.5,Steflos Prime Barrel,32.0,3.3,5.4
Axi S3 Relic,Axi,4.0,Rhino Prime Systems Blueprint,7.5,Boltor Prime Stock,11.5,Hikou Prime Stars,8.0,Nyx Prime Systems Blueprint,7.0,Ankyros Prime Blade,8.5,Scindo Prime Blade,13.5,8.81,8.95
Axi S4 Relic,Axi,10.0,Mag Prime Systems Blueprint,15.5,Boar Prime Receiver,16.0,Forma Blueprint,,Nova Prime Blueprint,11.0,Dakra Prime Blade,15.5,Soma Prime Stock,24.5,11.38,13.0
Axi S5 Relic,Axi,6.2,Saryn Prime Systems Blueprint,6.5,Venka Prime Blades,6.5,Cernos Prime Grip,7.0,Nikana Prime Blade,14.5,2X Forma Blueprint,,Spira Prime Pouch,34.0,7.34,9.63
Axi S6 Relic,Axi,8.9,Nekros Prime Chassis Blueprint,8.5,Burston Prime Blueprint,2.45,Forma Blueprint,,Tigris Prime Barrel,5.6,Silva & Aegis Prime Blade,7.5,Sybaris Prime Barrel,32.5,4.86,7.7
Axi S7 Relic,Axi,6.58,Forma Blueprint,,Nova Prime Systems Blueprint,13.5,Vasto Prime Barrel,8.5,Trinity Prime Chassis Blueprint,11.5,Kavasa Prime Kubrow Collar Blueprint,6.2,Soma Prime Stock,24.5,8.01,9.66
Axi S8 Relic,Axi,4.0,Cernos Prime Grip,7.0,Hikou Prime Blueprint,4.25,Forma Blueprint,,Venka Prime Blueprint,4.5,Nyx Prime Chassis Blueprint,8.0,Scindo Prime Blade,13.5,4.49,5.73
Axi S9 Relic,Axi,8.0,Guandao Prime Blade,8.0,Titania Prime Chassis Blueprint,9.0,Forma Blueprint,,Nezha Prime Blueprint,7.0,Gara Prime Chassis Blueprint,14.0,Scourge Prime Blueprint,16.5,6.95,8.68
Axi T1 Relic,Axi,26.3,Vectis Prime Barrel,20.0,Odonata Prime Harness Blueprint,9.5,Saryn Prime Systems Blueprint,6.5,Akstiletto Prime Receiver,18.5,Burston Prime Barrel,4.5,Tigris Prime Blueprint,24.9,12.15,13.09
Axi T10 Relic,Axi,7.2,Magnus Prime Blueprint,7.0,Corvas Prime Receiver,6.7,Bronco Prime Receiver,3.4,2X Forma Blueprint,,Orthos Prime Blade,4.0,Tatsu Prime Handle,15.0,5.07,5.15
Axi T11 Relic,Axi,5.0,Galatine Prime Blade,6.4,Burston Prime Blueprint,2.45,Forma Blueprint,,Harrow Prime Neuroptics Blueprint,7.0,Scourge Prime Handle,5.6,Tigris Prime Blueprint,24.9,4.13,6.49
Axi T12 Relic,Axi,9.6,Lex Prime Blueprint,2.1,Forma Blueprint,,Hildryn Prime Systems Blueprint,3.5,Gunsen Prime Handle,7.0,Protea Prime Neuroptics Blueprint,3.5,Trumna Prime Receiver,10.0,2.77,4.03
Axi T13 Relic,Axi,1.67,Burston Prime Stock,3.0,Xaku Prime Neuroptics Blueprint,3.0,Quassus Prime Handle,4.0,2X Forma Blueprint,,Gyre Prime Chassis Blueprint,7.0,Trumna Prime Barrel,8.0,3.46,3.87
Axi T2 Relic,Axi,10.0,Kogake Prime Boot,6.5,Stradavar Prime Stock,8.5,Mirage Prime Neuroptics Blueprint,6.0,2X Forma Blueprint,,Burston Prime Barrel,4.5,Tipedo Prime Handle,26.5,6.34,7.05
Axi T3 Relic,Axi,7.0,Limbo Prime Systems Blueprint,3.0,Paris Prime Lower Limb,2.0,Burston Prime Blueprint,2.45,Equinox Prime Blueprint,11.0,2X Forma Blueprint,,Tipedo Prime Handle,26.5,3.63,6.09
Axi T4 Relic,Axi,8.0,Corinth Prime Blueprint,4.7,Wukong Prime Neuroptics Blueprint,8.5,Braton Prime Blueprint,2.55,Zhuge Prime Blueprint,5.35,Equinox Prime Blueprint,11.0,Tipedo Prime Handle,26.5,6.32,8.55
Axi T5 Relic,Axi,16.7,Zhuge Prime String,10.0,Chroma Prime Blueprint,9.0,Rubico Prime Receiver,3.5,Gram Prime Blueprint,7.5,2X Forma Blueprint,,Titania Prime Systems Blueprint,28.5,7.09,8.1
Axi T6 Relic,Axi,10.0,Forma Blueprint,,Paris Prime String,1.6,Zakti Prime Receiver,5.8,Tenora Prime Stock,10.0,Wukong Prime Chassis Blueprint,10.5,Tekko Prime Blade,22.0,4.57,7.53
Axi T7 Relic,Axi,9.7,Inaros Prime Systems Blueprint,8.0,Bronco Prime Receiver,3.4,Forma Blueprint,,Pangolin Prime Blade,6.5,Corinth Prime Receiver,4.55,Tekko Prime Blade,22.0,4.54,6.31
Axi T8 Relic,Axi,6.0,Paris Prime Lower Limb,2.0,Strun Prime Receiver,6.5,Forma Blueprint,,Magnus Prime Receiver,4.5,Harrow Prime Neuroptics Blueprint,7.0,Tenora Prime Receiver,22.0,3.86,5.92
Axi T9 Relic,Axi,4.5,Ninkondi Prime Blueprint,4.2,Fang Prime Blade,3.5,Lex Prime Receiver,3.5,Equinox Prime Neuroptics Blueprint,7.0,Zhuge Prime Blueprint,5.35,Tipedo Prime Handle,26.5,4.73,6.99
Axi V1 Relic,Axi,17.6,Odonata Prime Systems Blueprint,8.5,Carrier Prime Systems,7.0,Dual Kamas Prime Blueprint,5.35,Volt Prime Neuroptics Blueprint,29.0,2X Forma Blueprint,,Vauban Prime Chassis Blueprint,20.0,8.87,11.28
Axi V10 Relic,Axi,7.0,Hikou Prime Stars,8.0,Cernos Prime String,7.0,Lex Prime Receiver,3.5,2X Forma Blueprint,,Valkyr Prime Systems Blueprint,15.0,Venka Prime Gauntlet,22.5,6.79,8.33
Axi V11 Relic,Axi,7.4,Pangolin Prime Handle,6.5,Burston Prime Receiver,3.5,Forma Blueprint,,Titania Prime Blueprint,14.5,Astilla Prime Stock,6.5,Volnus Prime Handle,19.5,5.23,7.82
Axi V12 Relic,Axi,1.4,Daikyu Prime String,3.5,Forma Blueprint,,Zylok Prime Barrel,5.0,Xaku Prime Chassis Blueprint,4.0,Gauss Prime Neuroptics Blueprint,8.0,Velox Prime Barrel,10.0,3.67,4.82
Axi V13 Relic,Axi,11.2,Nautilus Prime Carapace,6.0,Forma Blueprint,,Protea Prime Blueprint,2.6,Burston Prime Barrel,4.5,Gauss Prime Neuroptics Blueprint,8.0,Venato Prime Blade,8.0,3.71,4.73
Axi V14 Relic,Axi,3.09,Alternox Prime Receiver,2.5,Lex Prime Barrel,3.5,Fang Prime Blueprint,1.65,Kompressa Prime Receiver,3.5,2X Forma Blueprint,,Voruna Prime Blueprint,20.0,2.72,3.98
Axi V2 Relic,Axi,11.0,Hikou Prime Pouch,12.5,Trinity Prime Systems Blueprint,8.5,Mag Prime Neuroptics Blueprint,9.5,Braton Prime Receiver,3.5,Boar Prime Barrel,16.0,Vectis Prime Stock,25.0,10.37,11.48
Axi V3 Relic,Axi,29.7,Trinity Prime Neuroptics Blueprint,10.0,Vasto Prime Barrel,8.5,Trinity Prime Systems Blueprint,8.5,Orthos Prime Blueprint,2.5,Braton Prime Receiver,3.5,Vectis Prime Stock,25.0,8.0,8.2
Axi V4 Relic,Axi,44.25,Paris Prime Blueprint,3.3,Trinity Prime Systems Blueprint,8.5,Odonata Prime Harness Blueprint,9.5,Cernos Prime Blueprint,4.85,2X Forma Blueprint,,Vectis Prime Stock,25.0,6.43,7.02
Axi V5 Relic,Axi,6.25,Venka Prime Blades,6.5,Dual Kamas Prime Blueprint,5.35,Forma Blueprint,,Braton Prime Receiver,3.5,Tigris Prime Receiver,8.5,Valkyr Prime Chassis Blueprint,32.5,4.97,7.63
Axi V6 Relic,Axi,12.9,Braton Prime Blueprint,2.55,Ballistica Prime Lower Limb,9.5,Forma Blueprint,,Fang Prime Handle,1.5,Galatine Prime Handle,5.5,Valkyr Prime Chassis Blueprint,32.5,4.47,6.66
Axi V7 Relic,Axi,9.9,Nami Skyla Prime Blueprint,8.55,Lex Prime Barrel,3.5,Valkyr Prime Blueprint,7.0,Kogake Prime Blueprint,6.0,Silva & Aegis Prime Blueprint,8.8,Venka Prime Gauntlet,22.5,6.9,8.39
Axi V8 Relic,Axi,11.2,Odonata Prime Systems Blueprint,8.5,Forma Blueprint,,Lex Prime Receiver,3.5,Volt Prime Chassis Blueprint,18.5,Odonata Prime Blueprint,8.0,Volt Prime Neuroptics Blueprint,29.0,6.53,10.2
Axi V9 Relic,Axi,6.55,Valkyr Prime Blueprint,7.0,Saryn Prime Neuroptics Blueprint,8.5,Forma Blueprint,,Valkyr Prime Systems Blueprint,15.0,Spira Prime Blade,17.35,Venka Prime Gauntlet,22.5,7.93,11.3
Axi W1 Relic,Axi,25.2,Aksomati Prime Receiver,6.0,Stradavar Prime Receiver,5.0,Bronco Prime Receiver,3.4,Inaros Prime Blueprint,7.0,2X Forma Blueprint,,Wukong Prime Blueprint,30.0,5.02,6.8
Axi W2 Relic,Axi,15.6,Baza Prime Receiver,7.0,Forma Blueprint,,Tekko Prime Gauntlet,8.0,Bronco Prime Barrel,2.0,Inaros Prime Blueprint,7.0,Wukong Prime Blueprint,30.0,5.39,7.3
Axi W3 Relic,Axi,9.1,Forma Blueprint,,Baruuk Prime Systems Blueprint,7.0,Knell Prime Blueprint,4.8,Shade Prime Blueprint,7.0,Bronco Prime Barrel,2.0,Wisp Prime Blueprint,34.0,4.66,7.17
Axi W4 Relic,Axi,11.5,Fulmin Prime Barrel,6.5,Fang Prime Blade,3.5,Forma Blueprint,,Shade Prime Blueprint,7.0,Hildryn Prime Neuroptics Blueprint,7.0,Wisp Prime Blueprint,34.0,4.75,7.87
Axi Y1 Relic,Axi,2.0,Fang Prime Blueprint,1.65,Forma Blueprint,,Sevagoth Prime Neuroptics Blueprint,2.5,Paris Prime Upper Limb,2.8,Lavos Prime Blueprint,3.0,Yareli Prime Systems Blueprint,10.5,1.9,2.9
Axi Y2 Relic,Axi,10.33,Orthos Prime Handle,1.6,Kompressa Prime Blueprint,1.4,Fang Prime Blueprint,1.65,Akarius Prime Link,3.5,Epitaph Prime Barrel,3.5,Yareli Prime Neuroptics Blueprint,9.0,2.13,3.08
Axi Y3 Relic,Axi,4.27,Quassus Prime Handle,4.0,Burston Prime Receiver,3.5,Epitaph Prime Blueprint,5.5,Vadarya Prime Barrel,3.0,Sevagoth Prime Blueprint,6.5,Yareli Prime Neuroptics Blueprint,9.0,4.52,4.97
Axi Z1 Relic,Axi,9.5,Wukong Prime Neuroptics Blueprint,8.5,Forma Blueprint,,Panthera Prime Blueprint,5.5,Baza Prime Barrel,6.0,Zhuge Prime Blueprint,5.35,Zakti Prime Blueprint,27.5,5.34,7.35
Axi Z2 Relic,Axi,7.8,Lex Prime Blueprint,2.1,Gauss Prime Blueprint,4.0,Fulmin Prime Barrel,6.5,Acceltra Prime Receiver,4.0,Sevagoth Prime Blueprint,6.5,Zylok Prime Blueprint,12.0,4.59,5.4
Lith A1 Relic,Lith,11.0,Braton Prime Barrel,3.5,Forma Blueprint,,Vasto Prime Receiver,8.0,Saryn Prime Neuroptics Blueprint,8.5,Vectis Prime Blueprint,8.5,Akstiletto Prime Blueprint,13.5,5.05,6.67
Lith A10 Relic,Lith,3.8,Forma Blueprint,,Burston Prime Blueprint,2.45,Yareli Prime Chassis Blueprint,2.5,Paris Prime Grip,3.0,Xaku Prime Systems Blueprint,3.0,Akarius Prime Receiver,28.5,2.48,4.88
Lith A11 Relic,Lith,7.15,Zylok Prime Barrel,5.0,Paris Prime Lower Limb,2.0,Forma Blueprint,,Akarius Prime Link,3.5,Grendel Prime Chassis Blueprint,5.0,Acceltra Prime Barrel,14.5,3.0,4.32
Lith A12 Relic,Lith,1.27,Forma Blueprint,,Burston Prime Receiver,3.5,Akbronco Prime Blueprint,2.0,Daikyu Prime Lower Limb,2.0,Xaku Prime Systems Blueprint,3.0,Alternox Prime Blueprint,6.0,2.06,2.52
Lith A13 Relic,Lith,3.5,Steflos Prime Receiver,9.0,Paris Prime Lower Limb,2.0,Fang Prime Blade,3.5,Gyre Prime Chassis Blueprint,7.0,Dual Zoren Prime Blueprint,3.0,Alternox Prime Blueprint,6.0,4.89,5.02
Lith A2 Relic,Lith,6.4,Lex Prime Barrel,3.5,Forma Blueprint,,Valkyr Prime Blueprint,7.0,Akbronco Prime Link,2.0,Cernos Prime Blueprint,4.85,Akstiletto Prime Blueprint,13.5,3.68,4.47
Lith A3 Relic,Lith,5.0,Rubico Prime Receiver,3.5,Orthos Prime Handle,1.6,Lex Prime Blueprint,2.1,Akbolto Prime Barrel,6.5,Tiberon Prime Blueprint,5.65,Akjagara Prime Barrel,26.5,3.69,6.28
Lith A4 Relic,Lith,4.8,Corinth Prime Blueprint,4.7,Burston Prime Receiver,3.5,Forma Blueprint,,Ivara Prime Systems Blueprint,9.0,Baza Prime Barrel,6.0,Astilla Prime Barrel,18.5,4.1,6.22
Lith A5 Relic,Lith,14.13,Tekko Prime Gauntlet,8.0,Forma Blueprint,,Vasto Prime Barrel,8.5,Akstiletto Prime Barrel,14.0,Fang Prime Handle,1.5,Atlas Prime Neuroptics Blueprint,50.0,6.88,10.85
Lith A6 Relic,Lith,2.5,Masseter Prime Handle,3.15,Hildryn Prime Systems Blueprint,3.5,Bronco Prime Blueprint,3.4,2X Forma Blueprint,,Shade Prime Systems,6.5,Akarius Prime Receiver,28.5,3.83,5.83
Lith A7 Relic,Lith,2.6,Cedo Prime Stock,4.0,Sevagoth Prime Systems Blueprint,3.0,Nautilus Prime Carapace,6.0,Fulmin Prime Blueprint,6.0,Wisp Prime Neuroptics Blueprint,6.0,Akarius Prime Receiver,28.5,5.18,7.42
Lith A8 Relic,Lith,4.0,Bronco Prime Receiver,3.4,Braton Prime Barrel,3.5,Akbronco Prime Blueprint,2.0,Daikyu Prime Lower Limb,2.0,Masseter Prime Blueprint,2.75,Akarius Prime Receiver,28.5,3.35,5.28
Lith A9 Relic,Lith,4.73,Tatsu Prime Blueprint,4.1,Cobra & Crane Prime Hilt,6.5,Forma Blueprint,,Phantasma Prime Blueprint,6.0,Orthos Prime Blade,4.0,Afuris Prime Receiver,29.0,4.36,6.67
Lith B1 Relic,Lith,12.6,Mag Prime Neuroptics Blueprint,9.5,Ankyros Prime Blueprint,7.2,Forma Blueprint,,Rhino Prime Neuroptics Blueprint,13.0,Boltor Prime Receiver,8.0,Boar Prime Stock,42.0,7.38,11.18
Lith B10 Relic,Lith,2.0,Astilla Prime Receiver,7.0,Phantasma Prime Receiver,5.0,Forma Blueprint,,Strun Prime Barrel,8.5,Harrow Prime Neuroptics Blueprint,7.0,Baruuk Prime Blueprint,13.0,5.0,6.4
Lith B11 Relic,Lith,4.3,Akbronco Prime Blueprint,2.0,Knell Prime Blueprint,4.8,Lex Prime Blueprint,2.1,Braton Prime Blueprint,2.55,Harrow Prime Blueprint,6.0,Baruuk Prime Blueprint,13.0,3.45,4.49
Lith B12 Relic,Lith,,Aksomati Prime Receiver,6.0,Braton Prime Barrel,3.5,Forma Blueprint,,Ivara Prime Blueprint,8.5,Velox Prime Blueprint,3.05,Baza Prime Stock,34.5,4.37,7.34
Lith B2 Relic,Lith,5.7,Paris Prime Lower Limb,2.0,Tigris Prime Stock,5.5,Forma Blueprint,,Orthos Prime Blade,4.0,Braton Prime Receiver,3.5,Ballistica Prime Blueprint,36.0,3.44,6.35
Lith B3 Relic,Lith,6.1,Limbo Prime Systems Blueprint,3.0,Forma Blueprint,,Burston Prime Blueprint,2.45,Orthos Prime Blade,4.0,Cernos Prime String,7.0,Ballistica Prime Blueprint,36.0,3.31,6.71
Lith B4 Relic,Lith,5.0,Nyx Prime Blueprint,8.5,Forma Blueprint,,Ankyros Prime Blueprint,7.2,Rhino Prime Neuroptics Blueprint,13.0,Scindo Prime Blueprint,4.5,Boltor Prime Blueprint,17.0,6.24,7.82
Lith B5 Relic,Lith,14.0,Banshee Prime Neuroptics Blueprint,5.5,Lex Prime Receiver,3.5,Oberon Prime Chassis Blueprint,10.0,Orthos Prime Blade,4.0,Rubico Prime Stock,7.0,Ballistica Prime Blueprint,36.0,6.74,8.97
Lith B6 Relic,Lith,5.0,Lex Prime Barrel,3.5,Fang Prime Blueprint,1.65,Limbo Prime Systems Blueprint,3.0,Orthos Prime Blueprint,2.5,Redeemer Prime Blueprint,4.35,Ballistica Prime Blueprint,36.0,3.54,6.33
Lith B7 Relic,Lith,5.8,Lex Prime Receiver,3.5,Forma Blueprint,,Tipedo Prime Blueprint,4.6,Orthos Prime Blueprint,2.5,Aksomati Prime Barrel,11.5,Baza Prime Blueprint,12.5,3.84,5.4
Lith B8 Relic,Lith,4.0,Burston Prime Stock,3.0,Dethcube Prime Systems,7.0,Aksomati Prime Blueprint,4.65,Ivara Prime Blueprint,8.5,Atlas Prime Chassis Blueprint,6.5,Baza Prime Blueprint,12.5,5.61,6.69
Lith B9 Relic,Lith,23.0,Oberon Prime Chassis Blueprint,10.0,Forma Blueprint,,Lex Prime Barrel,3.5,Silva & Aegis Prime Blueprint,8.8,Braton Prime Receiver,3.5,Baza Prime Stock,34.5,5.46,8.16
Lith C1 Relic,Lith,10.0,Fang Prime Blade,3.5,Nova Prime Neuroptics Blueprint,13.5,Nova Prime Systems Blueprint,13.5,Kavasa Prime Band,6.1,2X Forma Blueprint,,Carrier Prime Cerebrum,42.5,9.25,10.55
Lith C10 Relic,Lith,5.0,Masseter Prime Handle,3.15,Forma Blueprint,,Garuda Prime Blueprint,4.0,Khora Prime Chassis Blueprint,8.0,Nagantaka Prime Receiver,4.5,Cobra & Crane Prime Guard,10.0,3.39,4.69
Lith C11 Relic,Lith,3.0,Acceltra Prime Blueprint,2.6,Braton Prime Barrel,3.5,Gunsen Prime Blueprint,3.3,Fulmin Prime Stock,6.5,Phantasma Prime Blueprint,6.0,Cobra & Crane Prime Guard,10.0,3.96,5.07
Lith C12 Relic,Lith,3.6,Sevagoth Prime Systems Blueprint,3.0,Shade Prime Cerebrum,7.0,Okina Prime Blade,7.0,Fulmin Prime Stock,6.5,Grendel Prime Chassis Blueprint,5.0,Cobra & Crane Prime Guard,10.0,5.77,6.13
Lith C13 Relic,Lith,4.0,Bronco Prime Receiver,3.4,Forma Blueprint,,Gauss Prime Chassis Blueprint,5.0,Akbronco Prime Link,2.0,Dual Zoren Prime Blueprint,3.0,Caliban Prime Neuroptics Blueprint,10.0,2.88,3.4
Lith C14 Relic,Lith,2.0,Kestrel Prime Blade,5.0,Sevagoth Prime Systems Blueprint,3.0,Forma Blueprint,,Perigale Prime Receiver,4.5,Lavos Prime Blueprint,3.0,Cedo Prime Blueprint,8.0,3.01,3.63
Lith C15 Relic,Lith,2.2,Corufell Prime Stock,10.0,Burston Prime Receiver,3.5,Daikyu Prime String,3.5,Yareli Prime Blueprint,2.5,2X Forma Blueprint,,Cedo Prime Blueprint,8.0,4.74,4.13
Lith C2 Relic,Lith,4.0,Venka Prime Blades,6.5,Paris Prime Upper Limb,2.8,Bronco Prime Receiver,3.4,Nami Skyla Prime Handle,7.0,Akbolto Prime Barrel,6.5,Cernos Prime Lower Limb,22.5,5.15,7.07
Lith C3 Relic,Lith,13.0,Lex Prime Blueprint,2.1,Silva & Aegis Prime Hilt,5.5,Sybaris Prime Blueprint,6.0,Braton Prime Blueprint,2.55,Helios Prime Blueprint,7.0,Chroma Prime Neuroptics Blueprint,29.0,5.08,7.08
Lith C4 Relic,Lith,4.09,Forma Blueprint,,Burston Prime Receiver,3.5,Paris Prime Lower Limb,2.0,Orthos Prime Blade,4.0,Braton Prime Stock,1.5,Chroma Prime Neuroptics Blueprint,29.0,2.58,4.92
Lith C5 Relic,Lith,6.4,Forma Blueprint,,Saryn Prime Neuroptics Blueprint,8.5,Spira Prime Blueprint,4.45,Venka Prime Blueprint,4.5,Valkyr Prime Neuroptics Blueprint,10.0,Cernos Prime Lower Limb,22.5,5.33,7.31
Lith C6 Relic,Lith,4.3,Equinox Prime Chassis Blueprint,4.0,Forma Blueprint,,Fang Prime Blade,3.5,Braton Prime Receiver,3.5,Mesa Prime Blueprint,6.0,Corinth Prime Stock,15.0,3.24,4.65
Lith C7 Relic,Lith,8.03,Valkyr Prime Blueprint,7.0,Hikou Prime Pouch,12.5,Forma Blueprint,,Nyx Prime Systems Blueprint,7.0,Scindo Prime Blueprint,4.5,Cernos Prime Lower Limb,22.5,6.65,7.8
Lith C8 Relic,Lith,11.65,Zephyr Prime Neuroptics Blueprint,4.0,Tiberon Prime Blueprint,5.65,Burston Prime Receiver,3.5,Rubico Prime Stock,7.0,2X Forma Blueprint,,Chroma Prime Neuroptics Blueprint,29.0,4.68,6.49
Lith C9 Relic,Lith,4.1,Octavia Prime Systems Blueprint,7.5,Braton Prime Barrel,3.5,Paris Prime Upper Limb,2.8,Scourge Prime Handle,5.6,Pandero Prime Barrel,4.6,Corinth Prime Stock,15.0,4.92,5.84
Lith D1 Relic,Lith,4.0,Atlas Prime Blueprint,4.0,Lex Prime Receiver,3.5,Burston Prime Receiver,3.5,Mesa Prime Blueprint,6.0,Ninkondi Prime Chain,4.4,Dethcube Prime Blueprint,20.5,4.34,5.96
Lith D2 Relic,Lith,4.0,Equinox Prime Chassis Blueprint,4.0,Wukong Prime Neuroptics Blueprint,8.5,Forma Blueprint,,Fang Prime Handle,1.5,Redeemer Prime Blueprint,4.35,Dethcube Prime Cerebrum,30.0,4.41,6.25
Lith D3 Relic,Lith,5.0,Burston Prime Stock,3.0,Ivara Prime Neuroptics Blueprint,5.0,Stradavar Prime Receiver,5.0,Ninkondi Prime Chain,4.4,Corinth Prime Receiver,4.55,Dethcube Prime Blueprint,20.5,4.69,6.01
Lith D4 Relic,Lith,3.9,Bronco Prime Blueprint,3.4,Orthos Prime Handle,1.6,Forma Blueprint,,Ninkondi Prime Chain,4.4,Zakti Prime Barrel,4.5,Dethcube Prime Blueprint,20.5,2.66,4.66
Lith D5 Relic,Lith,12.35,Redeemer Prime Blade,5.1,Fang Prime Blade,3.5,Forma Blueprint,,Pyrana Prime Receiver,8.5,Mesa Prime Systems Blueprint,15.0,Destreza Prime Blade,64.5,6.05,12.58
Lith D6 Relic,Lith,16.2,Corvas Prime Receiver,6.7,Burston Prime Blueprint,2.45,Forma Blueprint,,Nagantaka Prime Stock,6.8,Lex Prime Blueprint,2.1,Dual Keres Prime Blueprint,15.5,3.61,4.86
Lith D7 Relic,Lith,1.2,Kestrel Prime Blade,5.0,Epitaph Prime Blueprint,5.5,Sevagoth Prime Systems Blueprint,3.0,Velox Prime Blueprint,3.05,Protea Prime Neuroptics Blueprint,3.5,Daikyu Prime Grip,8.0,4.3,4.36
Lith E1 Relic,Lith,7.3,Boltor Prime Barrel,15.0,Ankyros Prime Blueprint,7.2,Forma Blueprint,,Rhino Prime Chassis Blueprint,9.0,Burston Prime Barrel,4.5,Ember Prime Blueprint,26.0,7.63,9.0
Lith E2 Relic,Lith,3.0,Sevagoth Prime Systems Blueprint,3.0,Dual Zoren Prime Handle,2.0,Daikyu Prime Blueprint,1.5,2X Forma Blueprint,,Venato Prime Blueprint,2.5,Epitaph Prime Receiver,10.0,2.12,2.58
Lith F1 Relic,Lith,8.2,Forma Blueprint,,Paris Prime Blueprint,3.3,Fang Prime Blade,3.5,Scindo Prime Blueprint,4.5,Odonata Prime Blueprint,8.0,Fragor Prime Blueprint,12.0,3.34,4.83
Lith F2 Relic,Lith,6.3,Odonata Prime Systems Blueprint,8.5,Hikou Prime Stars,8.0,Paris Prime Upper Limb,2.8,Burston Prime Barrel,4.5,Fang Prime Handle,1.5,Vauban Prime Blueprint,15.0,5.85,5.92
Lith F3 Relic,Lith,10.0,Shade Prime Cerebrum,7.0,Fang Prime Handle,1.5,Forma Blueprint,,Larkspur Prime Stock,8.0,Burston Prime Barrel,4.5,Fulmin Prime Receiver,23.0,3.99,6.22
Lith G1 Relic,Lith,14.75,Latron Prime Blueprint,17.5,Frost Prime Chassis Blueprint,13.5,Reaper Prime Handle,12.0,Ember Prime Systems Blueprint,9.0,2X Forma Blueprint,,Glaive Prime Blueprint,17.15,12.22,10.68
Lith G10 Relic,Lith,1.4,Forma Blueprint,,Fulmin Prime Barrel,6.5,Burston Prime Receiver,3.5,Hildryn Prime Neuroptics Blueprint,7.0,Cobra & Crane Prime Blueprint,3.8,Gunsen Prime Blade,15.0,4.02,5.33
Lith G11 Relic,Lith,4.5,Titania Prime Chassis Blueprint,9.0,Vasto Prime Receiver,8.0,Forma Blueprint,,Corinth Prime Receiver,4.55,Fang Prime Handle,1.5,Gara Prime Blueprint,24.5,5.46,6.49
Lith G12 Relic,Lith,6.9,Zylok Prime Barrel,5.0,Cobra & Crane Prime Hilt,6.5,Burston Prime Blueprint,2.45,2X Forma Blueprint,,Larkspur Prime Receiver,8.5,Gauss Prime Systems Blueprint,28.0,5.03,6.83
Lith G13 Relic,Lith,2.4,Braton Prime Blueprint,2.55,Forma Blueprint,,Masseter Prime Handle,3.15,Grendel Prime Chassis Blueprint,5.0,Wisp Prime Neuroptics Blueprint,6.0,Gunsen Prime Blade,15.0,2.95,4.65
Lith G14 Relic,Lith,1.33,Forma Blueprint,,Lavos Prime Chassis Blueprint,1.5,Paris Prime Lower Limb,2.0,Fang Prime Handle,1.5,Vadarya Prime Receiver,3.0,Gyre Prime Neuroptics Blueprint,8.5,1.55,2.33
Lith G2 Relic,Lith,13.8,Bo Prime Blueprint,14.5,Wyrm Prime Cerebrum,17.5,Latron Prime Stock,17.0,Loki Prime Chassis Blueprint,20.0,Frost Prime Systems Blueprint,13.0,Glaive Prime Blueprint,17.15,16.38,16.48
Lith G3 Relic,Lith,6.4,Zhuge Prime String,10.0,Octavia Prime Neuroptics Blueprint,4.0,Paris Prime Upper Limb,2.8,2X Forma Blueprint,,Panthera Prime Stock,7.5,Guandao Prime Handle,20.0,5.48,6.3
Lith G4 Relic,Lith,3.58,Octavia Prime Neuroptics Blueprint,4.0,Fang Prime Blueprint,1.65,Forma Blueprint,,Titania Prime Neuroptics Blueprint,8.0,Inaros Prime Blueprint,7.0,Guandao Prime Handle,20.0,3.48,5.94
Lith G5 Relic,Lith,4.4,Octavia Prime Neuroptics Blueprint,4.0,Volnus Prime Blueprint,4.2,Lex Prime Receiver,3.5,2X Forma Blueprint,,Strun Prime Stock,8.5,Garuda Prime Neuroptics Blueprint,26.0,4.42,6.25
Lith G6 Relic,Lith,4.4,Burston Prime Stock,3.0,Afuris Prime Blueprint,2.65,Forma Blueprint,,Knell Prime Receiver,4.5,Tatsu Prime Blade,4.5,Garuda Prime Neuroptics Blueprint,26.0,2.94,5.34
Lith G7 Relic,Lith,12.2,Nezha Prime Systems Blueprint,6.5,Lex Prime Receiver,3.5,Forma Blueprint,,Zakti Prime Barrel,4.5,Fang Prime Handle,1.5,Guandao Prime Handle,20.0,3.59,4.87
Lith G8 Relic,Lith,4.2,Forma Blueprint,,Corvas Prime Receiver,6.7,Fang Prime Blueprint,1.65,Burston Prime Barrel,4.5,Fulmin Prime Stock,6.5,Grendel Prime Blueprint,14.0,3.61,4.99
Lith G9 Relic,Lith,5.0,Forma Blueprint,,Dual Keres Prime Blade,8.5,Fang Prime Blueprint,1.65,Khora Prime Chassis Blueprint,8.0,Braton Prime Stock,1.5,Gauss Prime Systems Blueprint,28.0,4.18,6.39
Lith H1 Relic,Lith,8.8,Saryn Prime Systems Blueprint,6.5,Paris Prime Blueprint,3.3,Bronco Prime Blueprint,3.4,Akstiletto Prime Barrel,14.0,Nami Skyla Prime Handle,7.0,Helios Prime Cerebrum,20.0,6.05,8.4
Lith H10 Relic,Lith,9.0,Burston Prime Receiver,3.5,Fang Prime Blade,3.5,Forma Blueprint,,Galatine Prime Handle,5.5,Nekros Prime Blueprint,26.5,Harrow Prime Systems Blueprint,31.5,5.92,10.72
Lith H2 Relic,Lith,7.5,Lex Prime Barrel,3.5,Forma Blueprint,,Zephyr Prime Neuroptics Blueprint,4.0,Oberon Prime Blueprint,8.5,Orthos Prime Blueprint,2.5,Helios Prime Cerebrum,20.0,3.51,5.45
Lith H3 Relic,Lith,5.5,Astilla Prime Receiver,7.0,Paris Prime String,1.6,Nezha Prime Systems Blueprint,6.5,2X Forma Blueprint,,Titania Prime Blueprint,14.5,Harrow Prime Systems Blueprint,31.5,6.05,8.57
Lith H4 Relic,Lith,5.42,Braton Prime Barrel,3.5,Forma Blueprint,,Paris Prime String,1.6,Inaros Prime Chassis Blueprint,5.0,Nezha Prime Blueprint,7.0,Harrow Prime Systems Blueprint,31.5,3.24,6.4
Lith H5 Relic,Lith,3.0,Fang Prime Blueprint,1.65,Forma Blueprint,,Lex Prime Receiver,3.5,Strun Prime Barrel,8.5,Pandero Prime Barrel,4.6,Harrow Prime Systems Blueprint,31.5,3.38,6.63
Lith H6 Relic,Lith,2.3,Tatsu Prime Blueprint,4.1,Burston Prime Receiver,3.5,Volnus Prime Blueprint,4.2,Nagantaka Prime Stock,6.8,Strun Prime Stock,8.5,Hystrix Prime Receiver,19.5,5.06,6.98
Lith H7 Relic,Lith,5.6,Volnus Prime Blueprint,4.2,Khora Prime Systems Blueprint,7.0,Cobra & Crane Prime Hilt,6.5,2X Forma Blueprint,,Akbronco Prime Link,2.0,Harrow Prime Systems Blueprint,31.5,5.33,6.5
Lith H8 Relic,Lith,6.5,Hildryn Prime Systems Blueprint,3.5,Braton Prime Receiver,3.5,Magnus Prime Blueprint,7.0,Nagantaka Prime Stock,6.8,2X Forma Blueprint,,Hystrix Prime Receiver,19.5,4.68,5.64
Lith H9 Relic,Lith,3.8,Afuris Prime Barrel,4.5,Paris Prime String,1.6,Garuda Prime Blueprint,4.0,Fulmin Prime Blueprint,6.0,2X Forma Blueprint,,Hystrix Prime Receiver,19.5,3.61,4.83
Lith I1 Relic,Lith,3.5,Fang Prime Blade,3.5,Pandero Prime Blueprint,4.8,Forma Blueprint,,Burston Prime Barrel,4.5,Karyst Prime Handle,3.7,Ivara Prime Chassis Blueprint,27.0,3.54,5.72
Lith K1 Relic,Lith,22.4,Fang Prime Blueprint,1.65,Burston Prime Stock,3.0,Odonata Prime Harness Blueprint,9.5,Tigris Prime Barrel,5.6,Trinity Prime Blueprint,13.0,Kavasa Prime Buckle,15.9,5.95,7.67
Lith K10 Relic,Lith,4.17,Corvas Prime Stock,4.8,Paris Prime String,1.6,Fang Prime Blade,3.5,Larkspur Prime Stock,8.0,Nidus Prime Blueprint,8.5,Knell Prime Receiver,4.5,4.41,5.4
Lith K11 Relic,Lith,5.0,Tigris Prime Stock,5.5,Vasto Prime Barrel,8.5,Forma Blueprint,,Nekros Prime Neuroptics Blueprint,24.0,Lex Prime Blueprint,2.1,Knell Prime Barrel,34.5,7.11,11.0
Lith K12 Relic,Lith,1.27,Caliban Prime Chassis Blueprint,3.0,Braton Prime Stock,1.5,Trumna Prime Blueprint,1.55,Cedo Prime Receiver,3.0,2X Forma Blueprint,,Kompressa Prime Barrel,7.0,2.0,2.31
Lith K2 Relic,Lith,5.0,Zephyr Prime Neuroptics Blueprint,4.0,Braton Prime Barrel,3.5,Rubico Prime Receiver,3.5,2X Forma Blueprint,,Braton Prime Receiver,3.5,Kogake Prime Gauntlet,16.0,3.49,4.13
Lith K3 Relic,Lith,6.5,Rubico Prime Receiver,3.5,Forma Blueprint,,Paris Prime Upper Limb,2.8,Tiberon Prime Blueprint,5.65,Wukong Prime Chassis Blueprint,10.5,Kronen Prime Blade,34.0,4.05,7.68
Lith K4 Relic,Lith,5.05,Nova Prime Neuroptics Blueprint,13.5,Forma Blueprint,,Dual Kamas Prime Blueprint,5.35,Trinity Prime Blueprint,13.0,Soma Prime Receiver,9.0,Kavasa Prime Buckle,15.9,7.51,9.13
Lith K5 Relic,Lith,5.42,Mirage Prime Chassis Blueprint,6.0,Forma Blueprint,,Helios Prime Carapace,4.0,Akbolto Prime Barrel,6.5,Banshee Prime Systems Blueprint,19.0,Kogake Prime Gauntlet,16.0,5.66,8.37
Lith K6 Relic,Lith,3.0,Bronco Prime Blueprint,3.4,Atlas Prime Blueprint,4.0,Aksomati Prime Receiver,6.0,Paris Prime Grip,3.0,Gara Prime Chassis Blueprint,14.0,Karyst Prime Blade,22.5,5.71,7.88
Lith K7 Relic,Lith,4.0,Paris Prime Lower Limb,2.0,Baza Prime Receiver,7.0,Guandao Prime Blade,8.0,Octavia Prime Chassis Blueprint,9.5,2X Forma Blueprint,,Karyst Prime Blade,22.5,5.8,6.98
Lith K8 Relic,Lith,28.6,Braton Prime Receiver,3.5,Forma Blueprint,,Lex Prime Receiver,3.5,Limbo Prime Neuroptics Blueprint,28.0,Trinity Prime Neuroptics Blueprint,10.0,Kavasa Prime Buckle,15.9,6.27,10.36
Lith K9 Relic,Lith,4.0,Braton Prime Barrel,3.5,Forma Blueprint,,Akbronco Prime Blueprint,2.0,Guandao Prime Blueprint,4.9,Astilla Prime Stock,6.5,Khora Prime Blueprint,30.0,3.25,6.2
Lith L1 Relic,Lith,7.2,Destreza Prime Handle,18.0,Kogake Prime Boot,6.5,Forma Blueprint,,Zhuge Prime Blueprint,5.35,Equinox Prime Neuroptics Blueprint,7.0,Limbo Prime Neuroptics Blueprint,28.0,8.12,9.35
Lith L2 Relic,Lith,5.6,Pyrana Prime Barrel,5.5,Equinox Prime Chassis Blueprint,4.0,Redeemer Prime Blade,5.1,Braton Prime Receiver,3.5,Tekko Prime Blueprint,3.75,Limbo Prime Neuroptics Blueprint,28.0,5.06,6.68
Lith L3 Relic,Lith,9.7,Pyrana Prime Barrel,5.5,Dual Kamas Prime Blueprint,5.35,Lex Prime Barrel,3.5,Trinity Prime Chassis Blueprint,11.5,Kavasa Prime Band,6.1,Limbo Prime Chassis Blueprint,48.5,6.54,10.76
Lith L4 Relic,Lith,8.8,Mag Prime Systems Blueprint,15.5,Boar Prime Receiver,16.0,Forma Blueprint,,Reaper Prime Blueprint,9.25,Vasto Prime Blueprint,5.0,Latron Prime Blueprint,17.5,9.9,9.85
Lith L5 Relic,Lith,2.9,Forma Blueprint,,Paris Prime Upper Limb,2.8,Okina Prime Blade,7.0,Zylok Prime Receiver,4.0,Fang Prime Handle,1.5,Lavos Prime Systems Blueprint,10.0,3.29,3.73
Lith L6 Relic,Lith,10.0,Gunsen Prime Blueprint,3.3,Burston Prime Receiver,3.5,Forma Blueprint,,Wisp Prime Neuroptics Blueprint,6.0,Shade Prime Systems,6.5,Larkspur Prime Barrel,40.0,3.9,7.63
Lith L7 Relic,Lith,1.85,Bronco Prime Receiver,3.4,Nautilus Prime Carapace,6.0,Okina Prime Blade,7.0,Vadarya Prime Barrel,3.0,Sevagoth Prime Blueprint,6.5,Lavos Prime Systems Blueprint,10.0,5.4,5.63
Lith L8 Relic,Lith,2.4,Kestrel Prime Blade,5.0,Perigale Prime Blueprint,3.5,Orthos Prime Handle,1.6,Akbronco Prime Link,2.0,Alternox Prime Barrel,3.0,Lavos Prime Systems Blueprint,10.0,3.31,3.68
Lith M1 Relic,Lith,10.0,Lex Prime Receiver,3.5,Boar Prime Receiver,16.0,Forma Blueprint,,Soma Prime Blueprint,5.95,Dakra Prime Blueprint,7.25,Mag Prime Blueprint,29.0,6.97,8.79
Lith M10 Relic,Lith,4.4,Orthos Prime Handle,1.6,Sevagoth Prime Systems Blueprint,3.0,Acceltra Prime Blueprint,2.6,Burston Prime Barrel,4.5,Grendel Prime Chassis Blueprint,5.0,Masseter Prime Blade,11.5,3.1,4.25
Lith M2 Relic,Lith,14.0,Nova Prime Neuroptics Blueprint,13.5,Soma Prime Barrel,9.5,Dakra Prime Handle,8.5,Boar Prime Barrel,16.0,2X Forma Blueprint,,Mag Prime Blueprint,29.0,10.32,11.35
Lith M3 Relic,Lith,5.0,Silva & Aegis Prime Hilt,5.5,Forma Blueprint,,Paris Prime Blueprint,3.3,Rubico Prime Stock,7.0,Oberon Prime Blueprint,8.5,Mesa Prime Neuroptics Blueprint,29.0,4.51,7.47
Lith M4 Relic,Lith,5.35,Paris Prime Blueprint,3.3,Akjagara Prime Blueprint,3.75,Equinox Prime Chassis Blueprint,4.0,Stradavar Prime Barrel,4.0,Destreza Prime Blueprint,8.0,Mesa Prime Neuroptics Blueprint,29.0,4.7,7.14
Lith M5 Relic,Lith,7.2,Redeemer Prime Blade,5.1,Burston Prime Stock,3.0,Atlas Prime Blueprint,4.0,Titania Prime Blueprint,14.5,Stradavar Prime Barrel,4.0,Mesa Prime Neuroptics Blueprint,29.0,5.68,8.62
Lith M6 Relic,Lith,4.0,Bronco Prime Blueprint,3.4,Inaros Prime Systems Blueprint,8.0,Forma Blueprint,,Dethcube Prime Carapace,5.0,Akjagara Prime Receiver,10.0,Mesa Prime Systems Blueprint,15.0,4.84,6.4
Lith M7 Relic,Lith,5.5,Kogake Prime Boot,6.5,Akbolto Prime Blueprint,2.5,Banshee Prime Neuroptics Blueprint,5.5,Euphona Prime Barrel,4.5,2X Forma Blueprint,,Mirage Prime Blueprint,25.0,4.67,5.82
Lith M8 Relic,Lith,10.0,Vasto Prime Barrel,8.5,Dakra Prime Handle,8.5,Forma Blueprint,,Frost Prime Systems Blueprint,13.0,Reaper Prime Blade,9.0,Mag Prime Blueprint,29.0,7.31,10.13
Lith M9 Relic,Lith,2.0,Shade Prime Cerebrum,7.0,Orthos Prime Handle,1.6,Gauss Prime Chassis Blueprint,5.0,Hildryn Prime Neuroptics Blueprint,7.0,2X Forma Blueprint,,Masseter Prime Blade,11.5,4.44,4.82
Lith N1 Relic,Lith,40.0,Nekros Prime Chassis Blueprint,8.5,Bronco Prime Blueprint,3.4,Fang Prime Blade,3.5,Akbronco Prime Link,2.0,2X Forma Blueprint,,Nova Prime Chassis Blueprint,28.5,4.69,5.82
Lith N10 Relic,Lith,7.0,Braton Prime Stock,1.5,Orthos Prime Handle,1.6,Forma Blueprint,,Titania Prime Neuroptics Blueprint,8.0,Inaros Prime Blueprint,7.0,Nezha Prime Neuroptics Blueprint,23.5,2.91,5.87
Lith N11 Relic,Lith,5.83,Fang Prime Blueprint,1.65,Lex Prime Blueprint,2.1,Pandero Prime Blueprint,4.8,Astilla Prime Stock,6.5,Zakti Prime Barrel,4.5,Nezha Prime Chassis Blueprint,30.0,3.98,6.63
Lith N12 Relic,Lith,4.0,Astilla Prime Receiver,7.0,Lex Prime Barrel,3.5,Nezha Prime Systems Blueprint,6.5,Burston Prime Barrel,4.5,Strun Prime Barrel,8.5,Nidus Prime Chassis Blueprint,30.0,6.34,8.43
Lith N13 Relic,Lith,7.0,Stradavar Prime Stock,8.5,Lex Prime Barrel,3.5,Fang Prime Blueprint,1.65,Wukong Prime Chassis Blueprint,10.5,Tipedo Prime Ornament,10.0,Ninkondi Prime Handle,19.0,6.09,8.28
Lith N14 Relic,Lith,3.6,Hystrix Prime Barrel,6.0,Braton Prime Barrel,3.5,Afuris Prime Barrel,4.5,2X Forma Blueprint,,Paris Prime Upper Limb,2.8,Nagantaka Prime Blueprint,13.5,4.12,4.24
Lith N15 Relic,Lith,3.3,Forma Blueprint,,Fang Prime Blueprint,1.65,Wisp Prime Systems Blueprint,6.0,Baruuk Prime Chassis Blueprint,4.0,Cobra & Crane Prime Blueprint,3.8,Nautilus Prime Cerebrum,24.0,3.28,5.24
Lith N16 Relic,Lith,2.0,Fang Prime Blueprint,1.65,Braton Prime Barrel,3.5,Gunsen Prime Blueprint,3.3,Trumna Prime Stock,3.5,Gauss Prime Blueprint,4.0,Nautilus Prime Cerebrum,24.0,3.45,5.31
Lith N17 Relic,Lith,1.67,Braton Prime Blueprint,2.55,Lex Prime Barrel,3.5,Xaku Prime Neuroptics Blueprint,3.0,Fang Prime Handle,1.5,Acceltra Prime Receiver,4.0,Nautilus Prime Blueprint,11.0,3.12,3.71
Lith N18 Relic,Lith,1.66,Forma Blueprint,,Braton Prime Stock,1.5,Bronco Prime Blueprint,3.4,Alternox Prime Barrel,3.0,Quassus Prime Blueprint,3.0,Nautilus Prime Blueprint,11.0,2.12,3.12
Lith N19 Relic,Lith,3.0,Vadarya Prime Stock,2.5,Paris Prime Upper Limb,2.8,Daikyu Prime String,3.5,Voruna Prime Chassis Blueprint,8.0,2X Forma Blueprint,,Nautilus Prime Cerebrum,24.0,3.59,5.47
Lith N2 Relic,Lith,8.2,Paris Prime Upper Limb,2.8,Spira Prime Blueprint,4.45,Carrier Prime Systems,7.0,Helios Prime Blueprint,7.0,Kavasa Prime Band,6.1,Nekros Prime Systems Blueprint,30.0,5.65,8.0
Lith N3 Relic,Lith,7.0,Sybaris Prime Stock,9.5,Burston Prime Receiver,3.5,Valkyr Prime Blueprint,7.0,Braton Prime Blueprint,2.55,2X Forma Blueprint,,Nekros Prime Blueprint,26.5,5.88,6.49
Lith N4 Relic,Lith,4.75,Bronco Prime Blueprint,3.4,Forma Blueprint,,Gram Prime Blade,6.5,Atlas Prime Systems Blueprint,7.0,Ivara Prime Blueprint,8.5,Ninkondi Prime Handle,19.0,4.59,6.65
Lith N5 Relic,Lith,2.6,Stradavar Prime Stock,8.5,Zhuge Prime String,10.0,Forma Blueprint,,Braton Prime Receiver,3.5,Ivara Prime Blueprint,8.5,Ninkondi Prime Handle,19.0,6.39,7.38
Lith N6 Relic,Lith,5.0,Fang Prime Blade,3.5,Zhuge Prime Grip,5.4,Aksomati Prime Receiver,6.0,Stradavar Prime Barrel,4.0,Inaros Prime Chassis Blueprint,5.0,Nezha Prime Neuroptics Blueprint,23.5,5.23,6.63
Lith N7 Relic,Lith,5.2,Octavia Prime Systems Blueprint,7.5,Braton Prime Blueprint,2.55,Lex Prime Barrel,3.5,Ivara Prime Blueprint,8.5,Pangolin Prime Blade,6.5,Nidus Prime Chassis Blueprint,30.0,5.68,8.26
Lith N8 Relic,Lith,4.0,Aksomati Prime Blueprint,4.65,Astilla Prime Receiver,7.0,Pandero Prime Blueprint,4.8,Zakti Prime Barrel,4.5,Titania Prime Neuroptics Blueprint,8.0,Nezha Prime Neuroptics Blueprint,23.5,6.01,7.59
Lith N9 Relic,Lith,5.3,Redeemer Prime Blade,5.1,Burston Prime Stock,3.0,Forma Blueprint,,Mesa Prime Blueprint,6.0,Akjagara Prime Receiver,10.0,Nami Skyla Prime Blade,30.0,4.41,7.55
Lith O1 Relic,Lith,4.0,Rubico Prime Receiver,3.5,Burston Prime Blueprint,2.45,Ballistica Prime Lower Limb,9.5,Akbolto Prime Barrel,6.5,2X Forma Blueprint,,Oberon Prime Neuroptics Blueprint,31.0,5.25,6.98
Lith O2 Relic,Lith,11.0,Volt Prime Blueprint,14.0,Bo Prime Blueprint,14.5,Wyrm Prime Cerebrum,17.5,Loki Prime Chassis Blueprint,20.0,2X Forma Blueprint,,Odonata Prime Wings Blueprint,24.5,14.34,14.12
Lith O3 Relic,Lith,12.0,Tenora Prime Blueprint,4.5,Guandao Prime Blade,8.0,Forma Blueprint,,Nezha Prime Blueprint,7.0,Fang Prime Blueprint,1.65,Octavia Prime Blueprint,47.0,5.06,8.51
Lith O4 Relic,Lith,2.6,Vadarya Prime Stock,2.5,Bronco Prime Receiver,3.4,Akarius Prime Barrel,7.0,Xaku Prime Chassis Blueprint,4.0,Protea Prime Neuroptics Blueprint,3.5,Okina Prime Blueprint,15.0,4.39,5.15
Lith P1 Relic,Lith,5.0,Sybaris Prime Stock,9.5,Fang Prime Blade,3.5,Helios Prime Carapace,4.0,2X Forma Blueprint,,Braton Prime Receiver,3.5,Pyrana Prime Blueprint,40.0,5.49,7.53
Lith P2 Relic,Lith,6.0,Burston Prime Blueprint,2.45,Tipedo Prime Blueprint,4.6,Forma Blueprint,,Ballistica Prime Receiver,6.5,Gram Prime Blueprint,7.5,Pyrana Prime Blueprint,40.0,4.13,7.98
Lith P3 Relic,Lith,4.2,Stradavar Prime Stock,8.5,Atlas Prime Blueprint,4.0,Forma Blueprint,,Burston Prime Barrel,4.5,Akjagara Prime Link,6.5,Panthera Prime Barrel,22.5,4.83,6.53
Lith P4 Relic,Lith,3.4,Bronco Prime Blueprint,3.4,Titania Prime Chassis Blueprint,9.0,Braton Prime Barrel,3.5,2X Forma Blueprint,,Equinox Prime Blueprint,11.0,Panthera Prime Barrel,22.5,5.69,7.1
Lith P5 Relic,Lith,3.9,Atlas Prime Blueprint,4.0,Lex Prime Blueprint,2.1,Bronco Prime Receiver,3.4,Guandao Prime Blueprint,4.9,Tekko Prime Blueprint,3.75,Pangolin Prime Blueprint,10.3,3.56,4.34
Lith P6 Relic,Lith,6.0,Burston Prime Receiver,3.5,Akbronco Prime Blueprint,2.0,Gara Prime Systems Blueprint,6.5,Volnus Prime Head,6.5,Harrow Prime Blueprint,6.0,Phantasma Prime Stock,13.5,4.68,5.85
Lith P7 Relic,Lith,21.3,Akjagara Prime Blueprint,3.75,Lex Prime Receiver,3.5,Forma Blueprint,,Destreza Prime Blueprint,8.0,Mesa Prime Blueprint,6.0,Pyrana Prime Blueprint,40.0,4.18,8.01
Lith P8 Relic,Lith,3.0,Afuris Prime Barrel,4.5,Lex Prime Barrel,3.5,Bronco Prime Receiver,3.4,2X Forma Blueprint,,Baruuk Prime Chassis Blueprint,4.0,Phantasma Prime Barrel,18.5,3.7,4.55
Lith P9 Relic,Lith,1.0,Forma Blueprint,,Lex Prime Blueprint,2.1,Hildryn Prime Systems Blueprint,3.5,Bronco Prime Barrel,2.0,Larkspur Prime Receiver,8.5,Protea Prime Systems Blueprint,12.0,2.81,4.23
Lith Q1 Relic,Lith,2.27,Zylok Prime Barrel,5.0,Bronco Prime Receiver,3.4,Wisp Prime Systems Blueprint,6.0,Fulmin Prime Stock,6.5,Nautilus Prime Systems,3.5,Quassus Prime Blade,9.0,4.93,5.3
Lith Q2 Relic,Lith,1.0,Daikyu Prime Blueprint,1.5,Burston Prime Stock,3.0,Trumna Prime Blueprint,1.55,Epitaph Prime Barrel,3.5,Nautilus Prime Systems,3.5,Quassus Prime Blade,9.0,2.48,3.31
Lith Q3 Relic,Lith,1.34,Afentis Prime Handle,4.0,Bronco Prime Blueprint,3.4,Paris Prime String,1.6,Gyre Prime Blueprint,3.5,Cedo Prime Receiver,3.0,Quassus Prime Blade,9.0,3.17,3.7
Lith R1 Relic,Lith,6.0,Mesa Prime Chassis Blueprint,5.5,Hydroid Prime Chassis Blueprint,7.0,Forma Blueprint,,Ballistica Prime Receiver,6.5,Burston Prime Barrel,4.5,Redeemer Prime Handle,37.5,5.13,8.03
Lith R2 Relic,Lith,5.6,Lex Prime Blueprint,2.1,Octavia Prime Systems Blueprint,7.5,Scourge Prime Blade,4.25,Nidus Prime Blueprint,8.5,Tenora Prime Stock,10.0,Revenant Prime Blueprint,20.0,5.94,8.01
Lith R3 Relic,Lith,3.0,Scourge Prime Blade,4.25,Forma Blueprint,,Burston Prime Stock,3.0,Harrow Prime Neuroptics Blueprint,7.0,Fang Prime Handle,1.5,Revenant Prime Blueprint,20.0,3.17,4.91
Lith R4 Relic,Lith,5.2,Akbronco Prime Blueprint,2.0,Braton Prime Blueprint,2.55,Khora Prime Systems Blueprint,7.0,Zylok Prime Receiver,4.0,Garuda Prime Chassis Blueprint,7.0,Revenant Prime Blueprint,20.0,4.54,6.13
Lith R5 Relic,Lith,4.6,Forma Blueprint,,Fang Prime Blueprint,1.65,Zylok Prime Barrel,5.0,Akarius Prime Link,3.5,Tatsu Prime Blade,4.5,Revenant Prime Blueprint,20.0,2.96,4.71
Lith S1 Relic,Lith,7.0,Paris Prime String,1.6,Hikou Prime Blueprint,4.25,Bronco Prime Blueprint,3.4,Paris Prime Grip,3.0,2X Forma Blueprint,,Spira Prime Pouch,34.0,3.35,5.54
Lith S10 Relic,Lith,2.6,Mesa Prime Chassis Blueprint,5.5,Dethcube Prime Systems,7.0,Burston Prime Blueprint,2.45,Orthos Prime Blueprint,2.5,Baza Prime Barrel,6.0,Stradavar Prime Blueprint,12.5,4.97,5.44
Lith S11 Relic,Lith,3.8,Fang Prime Blade,3.5,Volnus Prime Blueprint,4.2,Forma Blueprint,,Pangolin Prime Blade,6.5,Orthos Prime Blueprint,2.5,Strun Prime Blueprint,25.0,3.44,5.58
Lith S12 Relic,Lith,4.5,Corvas Prime Stock,4.8,Forma Blueprint,,Bronco Prime Blueprint,3.4,Gara Prime Neuroptics Blueprint,6.0,Braton Prime Blueprint,2.55,Strun Prime Blueprint,25.0,3.52,5.58
Lith S13 Relic,Lith,4.7,Wukong Prime Neuroptics Blueprint,8.5,Zhuge Prime Grip,5.4,Forma Blueprint,,Equinox Prime Blueprint,11.0,Burston Prime Barrel,4.5,Stradavar Prime Blueprint,12.5,5.48,6.67
Lith S14 Relic,Lith,2.2,Lex Prime Barrel,3.5,Forma Blueprint,,Knell Prime Blueprint,4.8,Revenant Prime Neuroptics Blueprint,6.5,Burston Prime Barrel,4.5,Scourge Prime Blueprint,16.5,3.64,5.23
Lith S15 Relic,Lith,3.0,Burston Prime Receiver,3.5,Forma Blueprint,,Hystrix Prime Barrel,6.0,Harrow Prime Blueprint,6.0,Khora Prime Chassis Blueprint,8.0,Shade Prime Carapace,30.0,4.55,7.38
Lith S16 Relic,Lith,3.0,Masseter Prime Handle,3.15,Forma Blueprint,,Xaku Prime Neuroptics Blueprint,3.0,Paris Prime Grip,3.0,Dual Zoren Prime Blueprint,3.0,Sevagoth Prime Chassis Blueprint,27.0,2.76,4.93
Lith S17 Relic,Lith,12.8,Spira Prime Blueprint,4.45,Paris Prime Lower Limb,2.0,Forma Blueprint,,Nidus Prime Blueprint,8.5,Braton Prime Blueprint,2.55,Saryn Prime Chassis Blueprint,39.0,3.63,7.19
Lith S18 Relic,Lith,1.59,Burston Prime Stock,3.0,Daikyu Prime String,3.5,Kestrel Prime Blade,5.0,2X Forma Blueprint,,Vadarya Prime Barrel,3.0,Styanax Prime Neuroptics Blueprint,12.0,3.48,3.72
Lith S19 Relic,Lith,5.5,Forma Blueprint,,Braton Prime Barrel,3.5,Bronco Prime Receiver,3.4,Orthos Prime Blueprint,2.5,Citrine Prime Systems Blueprint,15.5,Sarofang Prime Blade,7.0,3.87,5.45
Lith S2 Relic,Lith,5.92,Carrier Prime Systems,7.0,Akbronco Prime Blueprint,2.0,Nyx Prime Blueprint,8.5,2X Forma Blueprint,,Kavasa Prime Band,6.1,Soma Prime Stock,24.5,5.59,6.59
Lith S20 Relic,Lith,,Ballistica Prime Receiver,6.5,Burston Prime Receiver,3.5,Forma Blueprint,,Hydroid Prime Blueprint,15.5,Bronco Prime Barrel,2.0,Sevagoth Prime Blueprint,6.5,4.59,5.82
Lith S3 Relic,Lith,17.9,Carrier Prime Systems,7.0,Akbronco Prime Blueprint,2.0,Paris Prime String,1.6,Ash Prime Blueprint,10.0,Soma Prime Receiver,9.0,Spira Prime Pouch,34.0,5.45,8.97
Lith S4 Relic,Lith,10.0,Lex Prime Blueprint,2.1,Forma Blueprint,,Paris Prime Blueprint,3.3,Trinity Prime Chassis Blueprint,11.5,Kavasa Prime Kubrow Collar Blueprint,6.2,Saryn Prime Blueprint,16.0,3.63,6.04
Lith S5 Relic,Lith,8.0,Carrier Prime Carapace,13.5,Burston Prime Receiver,3.5,Fang Prime Blade,3.5,Akbronco Prime Link,2.0,Galatine Prime Handle,5.5,Spira Prime Blade,17.35,6.36,6.65
Lith S6 Relic,Lith,9.5,Forma Blueprint,,Fang Prime Blade,3.5,Dual Kamas Prime Blueprint,5.35,Kavasa Prime Band,6.1,Valkyr Prime Neuroptics Blueprint,10.0,Spira Prime Pouch,34.0,4.69,8.1
Lith S7 Relic,Lith,7.2,Mirage Prime Chassis Blueprint,6.0,Lex Prime Blueprint,2.1,Galatine Prime Blade,6.4,Paris Prime Grip,3.0,Akbolto Prime Link,3.5,Sybaris Prime Barrel,32.5,5.04,6.97
Lith S8 Relic,Lith,3.0,Gram Prime Blade,6.5,Braton Prime Barrel,3.5,Forma Blueprint,,Orthos Prime Blueprint,2.5,Rubico Prime Barrel,7.5,Stradavar Prime Blueprint,12.5,3.88,4.92
Lith S9 Relic,Lith,4.6,Sybaris Prime Stock,9.5,Forma Blueprint,,Burston Prime Stock,3.0,Oberon Prime Blueprint,8.5,Tigris Prime Receiver,8.5,Silva & Aegis Prime Guard,20.5,5.45,7.53
Lith T1 Relic,Lith,4.0,Forma Blueprint,,Burston Prime Blueprint,2.45,Akbronco Prime Blueprint,2.0,Ballistica Prime Upper Limb,12.5,Valkyr Prime Neuroptics Blueprint,10.0,Tigris Prime Blueprint,24.9,4.1,7.73
Lith T10 Relic,Lith,3.1,Burston Prime Stock,3.0,Forma Blueprint,,Phantasma Prime Receiver,5.0,Dual Keres Prime Handle,8.0,Bronco Prime Barrel,2.0,Tatsu Prime Handle,15.0,3.43,4.83
Lith T11 Relic,Lith,5.0,Vasto Prime Barrel,8.5,Fang Prime Blade,3.5,Forma Blueprint,,Astilla Prime Blueprint,3.85,Lex Prime Blueprint,2.1,Titania Prime Systems Blueprint,28.5,4.26,6.04
Lith T12 Relic,Lith,2.0,Velox Prime Receiver,5.45,Larkspur Prime Blueprint,5.0,Paris Prime Upper Limb,2.8,Orthos Prime Blade,4.0,2X Forma Blueprint,,Tatsu Prime Handle,15.0,4.1,4.51
Lith T13 Relic,Lith,4.6,Phantasma Prime Receiver,5.0,Braton Prime Barrel,3.5,Forma Blueprint,,Revenant Prime Neuroptics Blueprint,6.5,Baruuk Prime Chassis Blueprint,4.0,Tatsu Prime Handle,15.0,3.61,5.02
Lith T14 Relic,Lith,1.67,Daikyu Prime Blueprint,1.5,Lavos Prime Chassis Blueprint,1.5,Fang Prime Handle,1.5,Perigale Prime Receiver,4.5,Quassus Prime Blueprint,3.0,Trumna Prime Barrel,8.0,2.12,3.05
Lith T2 Relic,Lith,5.0,Valkyr Prime Blueprint,7.0,Lex Prime Barrel,3.5,Forma Blueprint,,Braton Prime Blueprint,2.55,Silva & Aegis Prime Blueprint,8.8,Tiberon Prime Stock,23.5,4.38,6.37
Lith T3 Relic,Lith,10.0,Galatine Prime Blade,6.4,Braton Prime Stock,1.5,Oberon Prime Chassis Blueprint,10.0,2X Forma Blueprint,,Nekros Prime Blueprint,26.5,Tigris Prime Blueprint,24.9,7.95,10.77
Lith T4 Relic,Lith,5.0,Zakti Prime Receiver,5.8,Tekko Prime Gauntlet,8.0,Paris Prime Lower Limb,2.0,Dethcube Prime Carapace,5.0,Karyst Prime Handle,3.7,Titania Prime Systems Blueprint,28.5,5.53,7.22
Lith T5 Relic,Lith,4.0,Forma Blueprint,,Corinth Prime Blueprint,4.7,Paris Prime Lower Limb,2.0,Titania Prime Neuroptics Blueprint,8.0,Zhuge Prime Blueprint,5.35,Tenora Prime Barrel,15.5,3.48,5.34
Lith T6 Relic,Lith,3.0,Rubico Prime Barrel,7.5,Forma Blueprint,,Braton Prime Blueprint,2.55,Kronen Prime Handle,8.5,Burston Prime Barrel,4.5,Tiberon Prime Stock,23.5,4.45,6.63
Lith T7 Relic,Lith,4.8,Bronco Prime Blueprint,3.4,Gara Prime Systems Blueprint,6.5,Forma Blueprint,,Strun Prime Barrel,8.5,Ivara Prime Systems Blueprint,9.0,Titania Prime Systems Blueprint,28.5,5.0,8.0
Lith T8 Relic,Lith,3.0,Gara Prime Systems Blueprint,6.5,Akbronco Prime Blueprint,2.0,Zakti Prime Receiver,5.8,Burston Prime Barrel,4.5,Astilla Prime Stock,6.5,Titania Prime Systems Blueprint,28.5,5.4,7.43
Lith T9 Relic,Lith,3.0,Burston Prime Receiver,3.5,Fang Prime Blueprint,1.65,Forma Blueprint,,Zakti Prime Barrel,4.5,Nidus Prime Blueprint,8.5,Tenora Prime Barrel,15.5,3.04,5.01
Lith V1 Relic,Lith,7.0,Paris Prime Upper Limb,2.8,Paris Prime Lower Limb,2.0,Burston Prime Stock,3.0,Volt Prime Systems Blueprint,8.5,2X Forma Blueprint,,Fragor Prime Handle,11.9,3.15,4.19
Lith V10 Relic,Lith,25.0,Burston Prime Receiver,3.5,Fang Prime Blade,3.5,Forma Blueprint,,Panthera Prime Stock,7.5,Carrier Prime Carapace,13.5,Vectis Prime Receiver,53.5,5.15,10.72
Lith V11 Relic,Lith,1.0,Braton Prime Stock,1.5,Orthos Prime Handle,1.6,Kompressa Prime Blueprint,1.4,Dual Zoren Prime Blueprint,3.0,Caliban Prime Blueprint,2.5,Voruna Prime Systems Blueprint,7.5,1.89,2.6
Lith V2 Relic,Lith,5.8,Fang Prime Blueprint,1.65,Lex Prime Barrel,3.5,Paris Prime Lower Limb,2.0,2X Forma Blueprint,,Paris Prime Upper Limb,2.8,Vauban Prime Systems Blueprint,39.5,2.91,5.7
Lith V3 Relic,Lith,6.02,Paris Prime Lower Limb,2.0,Cernos Prime Upper Limb,7.5,Braton Prime Blueprint,2.55,Tigris Prime Barrel,5.6,Helios Prime Systems,8.5,Valkyr Prime Systems Blueprint,15.0,4.9,6.33
Lith V4 Relic,Lith,6.0,Spira Prime Blueprint,4.45,Nekros Prime Chassis Blueprint,8.5,Venka Prime Blades,6.5,Tigris Prime Barrel,5.6,Helios Prime Blueprint,7.0,Vauban Prime Chassis Blueprint,20.0,6.71,7.76
Lith V5 Relic,Lith,3.8,Akbronco Prime Blueprint,2.0,Lex Prime Blueprint,2.1,Banshee Prime Neuroptics Blueprint,5.5,Ballistica Prime Upper Limb,12.5,Akbolto Prime Barrel,6.5,Valkyr Prime Systems Blueprint,15.0,4.82,6.9
Lith V6 Relic,Lith,9.9,Cernos Prime Grip,7.0,Nikana Prime Blueprint,7.5,Venka Prime Blades,6.5,Saryn Prime Blueprint,16.0,2X Forma Blueprint,,Valkyr Prime Chassis Blueprint,32.5,7.73,9.95
Lith V7 Relic,Lith,15.7,Fragor Prime Head,6.75,Carrier Prime Blueprint,11.0,Vectis Prime Barrel,20.0,Ash Prime Blueprint,10.0,Akstiletto Prime Link,9.1,Vauban Prime Neuroptics Blueprint,31.5,12.29,13.26
Lith V8 Relic,Lith,10.0,Ash Prime Chassis Blueprint,12.5,Bronco Prime Blueprint,3.4,Forma Blueprint,,Fragor Prime Handle,11.9,Vectis Prime Stock,25.0,Vauban Prime Systems Blueprint,39.5,8.88,13.98
Lith V9 Relic,Lith,11.0,Atlas Prime Blueprint,4.0,Forma Blueprint,,Vasto Prime Receiver,8.0,Dethcube Prime Carapace,5.0,Braton Prime Receiver,3.5,Vauban Prime Systems Blueprint,39.5,4.76,7.65
Lith W1 Relic,Lith,4.0,Gram Prime Blade,6.5,Mirage Prime Neuroptics Blueprint,6.0,Forma Blueprint,,Akbolto Prime Link,3.5,Fang Prime Handle,1.5,Wukong Prime Blueprint,30.0,4.32,6.08
Lith W2 Relic,Lith,5.5,Rubico Prime Receiver,3.5,Forma Blueprint,,Stradavar Prime Receiver,5.0,Baza Prime Barrel,6.0,Fang Prime Handle,1.5,Wukong Prime Blueprint,30.0,3.58,5.92
Lith W3 Relic,Lith,5.0,Forma Blueprint,,Hildryn Prime Systems Blueprint,3.5,Dual Keres Prime Blade,8.5,Larkspur Prime Stock,8.0,Corvas Prime Blueprint,5.3,Wisp Prime Chassis Blueprint,16.0,4.82,6.26
Lith W4 Relic,Lith,3.77,Forma Blueprint,,Burston Prime Stock,3.0,Protea Prime Blueprint,2.6,Epitaph Prime Barrel,3.5,Masseter Prime Blueprint,2.75,Wisp Prime Chassis Blueprint,16.0,2.43,3.78
Lith X1 Relic,Lith,1.2,Forma Blueprint,,Lex Prime Receiver,3.5,Larkspur Prime Blueprint,5.0,Braton Prime Blueprint,2.55,Shade Prime Systems,6.5,Xaku Prime Blueprint,13.0,3.41,4.53
Lith Y1 Relic,Lith,4.17,Braton Prime Blueprint,2.55,Nautilus Prime Carapace,6.0,Lex Prime Barrel,3.5,Trumna Prime Stock,3.5,Zylok Prime Receiver,4.0,Yareli Prime Neuroptics Blueprint,9.0,4.06,4.41
Lith Z1 Relic,Lith,5.4,Mirage Prime Neuroptics Blueprint,6.0,Akbronco Prime Blueprint,2.0,Fang Prime Handle,1.5,Cernos Prime Blueprint,4.85,2X Forma Blueprint,,Zephyr Prime Systems Blueprint,40.0,3.74,6.55
Lith Z2 Relic,Lith,9.0,Akbronco Prime Blueprint,2.0,Nami Skyla Prime Blueprint,8.55,Forma Blueprint,,Silva & Aegis Prime Blueprint,8.8,Helios Prime Systems,8.5,Zephyr Prime Systems Blueprint,40.0,5.38,9.22
Lith Z3 Relic,Lith,4.0,Paris Prime Lower Limb,2.0,Magnus Prime Blueprint,7.0,Braton Prime Receiver,3.5,Nagantaka Prime Stock,6.8,Volnus Prime Head,6.5,Zakti Prime Blueprint,27.5,5.18,7.49
Lith Z4 Relic,Lith,4.0,Forma Blueprint,,Velox Prime Receiver,5.45,Yareli Prime Chassis Blueprint,2.5,Okina Prime Handle,6.0,Sevagoth Prime Blueprint,6.5,Zylok Prime Blueprint,12.0,3.63,5.03
Meso A1 Relic,Meso,10.0,Sybaris Prime Stock,9.5,Ballistica Prime Lower Limb,9.5,Orthos Prime Handle,1.6,Kronen Prime Handle,8.5,2X Forma Blueprint,,Akjagara Prime Barrel,26.5,6.68,7.78
Meso A10 Relic,Meso,2.47,Xaku Prime Neuroptics Blueprint,3.0,Orthos Prime Handle,1.6,Forma Blueprint,,Nautilus Prime Systems,3.5,Dual Zoren Prime Blueprint,3.0,Alternox Prime Blueprint,6.0,2.0,2.67
Meso A11 Relic,Meso,10.85,Gauss Prime Chassis Blueprint,5.0,Paris Prime Upper Limb,2.8,Forma Blueprint,,Masseter Prime Blueprint,2.75,Acceltra Prime Stock,19.0,Akarius Prime Blueprint,15.0,4.67,7.15
Meso A12 Relic,Meso,1.3,Sarofang Prime Handle,3.5,Forma Blueprint,,Perigale Prime Blueprint,3.5,Bronco Prime Barrel,2.0,Voruna Prime Neuroptics Blueprint,2.0,Afentis Prime Blade,10.0,2.41,2.97
Meso A2 Relic,Meso,7.6,Zhuge Prime Grip,5.4,Tipedo Prime Blueprint,4.6,Forma Blueprint,,Equinox Prime Blueprint,11.0,Zephyr Prime Chassis Blueprint,5.0,Akbolto Prime Receiver,26.5,4.82,7.52
Meso A3 Relic,Meso,3.0,Nidus Prime Systems Blueprint,6.0,Tenora Prime Blueprint,4.5,Burston Prime Stock,3.0,2X Forma Blueprint,,Knell Prime Receiver,4.5,Astilla Prime Barrel,18.5,4.28,5.0
Meso A4 Relic,Meso,6.0,Scourge Prime Blade,4.25,Corvas Prime Receiver,6.7,Bronco Prime Blueprint,3.4,Gara Prime Chassis Blueprint,14.0,Braton Prime Receiver,3.5,Afuris Prime Receiver,29.0,6.14,8.79
Meso A5 Relic,Meso,6.4,Akbronco Prime Blueprint,2.0,Grendel Prime Neuroptics Blueprint,5.5,Khora Prime Systems Blueprint,7.0,Fulmin Prime Blueprint,6.0,Afuris Prime Link,4.1,Acceltra Prime Barrel,14.5,5.07,5.89
Meso A6 Relic,Meso,5.0,Corinth Prime Blueprint,4.7,Lex Prime Receiver,3.5,Forma Blueprint,,Titania Prime Neuroptics Blueprint,8.0,Vasto Prime Blueprint,5.0,Astilla Prime Barrel,18.5,3.88,5.82
Meso A7 Relic,Meso,2.0,Sevagoth Prime Neuroptics Blueprint,2.5,Paris Prime String,1.6,Fang Prime Blade,3.5,Orthos Prime Blade,4.0,Braton Prime Stock,1.5,Akarius Prime Blueprint,15.0,2.83,3.87
Meso A8 Relic,Meso,1.0,Burston Prime Receiver,3.5,Forma Blueprint,,Quassus Prime Handle,4.0,Lavos Prime Neuroptics Blueprint,5.0,Okina Prime Handle,6.0,Acceltra Prime Stock,19.0,3.49,5.35
Meso A9 Relic,Meso,1.9,Burston Prime Receiver,3.5,Forma Blueprint,,Sevagoth Prime Neuroptics Blueprint,2.5,Daikyu Prime Lower Limb,2.0,Venato Prime Blueprint,2.5,Alternox Prime Stock,8.5,2.18,2.75
Meso B1 Relic,Meso,12.35,Dakra Prime Handle,8.5,Orthos Prime Handle,1.6,Forma Blueprint,,Mag Prime Chassis Blueprint,9.0,Orthos Prime Blueprint,2.5,Boar Prime Stock,42.0,4.66,8.18
Meso B10 Relic,Meso,8.0,Ember Prime Chassis Blueprint,8.5,Burston Prime Receiver,3.5,Forma Blueprint,,Glaive Prime Blade,17.0,Sicarus Prime Blueprint,8.85,Boltor Prime Blueprint,17.0,6.22,8.87
Meso B2 Relic,Meso,9.6,Braton Prime Blueprint,2.55,Oberon Prime Chassis Blueprint,10.0,Silva & Aegis Prime Hilt,5.5,Hydroid Prime Blueprint,15.5,Kronen Prime Handle,8.5,Banshee Prime Chassis Blueprint,30.0,7.81,10.81
Meso B3 Relic,Meso,7.5,Nova Prime Systems Blueprint,13.5,Soma Prime Blueprint,5.95,Forma Blueprint,,Mag Prime Chassis Blueprint,9.0,Dakra Prime Blueprint,7.25,Boar Prime Stock,42.0,7.55,10.69
Meso B4 Relic,Meso,5.0,Paris Prime Upper Limb,2.8,Chroma Prime Blueprint,9.0,Bronco Prime Receiver,3.4,Wukong Prime Chassis Blueprint,10.5,Redeemer Prime Blueprint,4.35,Baza Prime Blueprint,12.5,5.73,6.75
Meso B5 Relic,Meso,34.22,Nidus Prime Systems Blueprint,6.0,Ivara Prime Neuroptics Blueprint,5.0,Karyst Prime Blueprint,6.6,Guandao Prime Blueprint,4.9,Volnus Prime Head,6.5,Baza Prime Blueprint,12.5,5.96,6.46
Meso B6 Relic,Meso,4.3,Magnus Prime Blueprint,7.0,Akbronco Prime Blueprint,2.0,Octavia Prime Neuroptics Blueprint,4.0,Paris Prime Grip,3.0,2X Forma Blueprint,,Baza Prime Stock,34.5,4.31,6.22
Meso B7 Relic,Meso,5.0,Burston Prime Receiver,3.5,Fang Prime Blueprint,1.65,Forma Blueprint,,Akjagara Prime Link,6.5,Redeemer Prime Blueprint,4.35,Ballistica Prime Blueprint,36.0,3.22,6.63
Meso B8 Relic,Meso,7.0,Grendel Prime Neuroptics Blueprint,5.5,Forma Blueprint,,Paris Prime String,1.6,Tatsu Prime Blade,4.5,Corvas Prime Blueprint,5.3,Baruuk Prime Blueprint,13.0,3.14,4.44
Meso B9 Relic,Meso,2.8,Braton Prime Blueprint,2.55,Larkspur Prime Blueprint,5.0,Afuris Prime Barrel,4.5,Paris Prime Upper Limb,2.8,Shade Prime Blueprint,7.0,Baruuk Prime Blueprint,13.0,4.39,5.27
Meso C1 Relic,Meso,7.8,Nova Prime Neuroptics Blueprint,13.5,Forma Blueprint,,Saryn Prime Systems Blueprint,6.5,Scindo Prime Handle,8.5,Ash Prime Blueprint,10.0,Carrier Prime Cerebrum,42.5,7.95,11.28
Meso C10 Relic,Meso,5.6,Astilla Prime Receiver,7.0,Lex Prime Barrel,3.5,Forma Blueprint,,Gara Prime Neuroptics Blueprint,6.0,Fang Prime Blueprint,1.65,Corinth Prime Barrel,29.0,4.08,6.18
Meso C11 Relic,Meso,8.5,Lavos Prime Chassis Blueprint,1.5,Paris Prime Blueprint,3.3,Kompressa Prime Blueprint,1.4,Daikyu Prime Upper Limb,2.0,2X Forma Blueprint,,Citrine Prime Blueprint,25.5,2.3,3.98
Meso C2 Relic,Meso,6.5,Cernos Prime Upper Limb,7.5,Bronco Prime Blueprint,3.4,Galatine Prime Blade,6.4,Valkyr Prime Neuroptics Blueprint,10.0,Odonata Prime Blueprint,8.0,Carrier Prime Cerebrum,42.5,7.21,10.73
Meso C3 Relic,Meso,10.1,Lex Prime Blueprint,2.1,Nami Skyla Prime Blueprint,8.55,Burston Prime Stock,3.0,Saryn Prime Blueprint,16.0,Helios Prime Blueprint,7.0,Cernos Prime Lower Limb,22.5,6.44,9.13
Meso C4 Relic,Meso,5.83,Ivara Prime Neuroptics Blueprint,5.0,Braton Prime Stock,1.5,Mesa Prime Chassis Blueprint,5.5,2X Forma Blueprint,,Atlas Prime Systems Blueprint,7.0,Chroma Prime Systems Blueprint,28.0,4.37,6.2
Meso C5 Relic,Meso,5.0,Tipedo Prime Blueprint,4.6,Burston Prime Blueprint,2.45,Stradavar Prime Stock,8.5,Chroma Prime Chassis Blueprint,8.5,2X Forma Blueprint,,Corinth Prime Barrel,29.0,5.45,7.19
Meso C6 Relic,Meso,4.1,Burston Prime Blueprint,2.45,Lex Prime Barrel,3.5,Baza Prime Receiver,7.0,2X Forma Blueprint,,Nezha Prime Blueprint,7.0,Corinth Prime Stock,15.0,4.35,5.06
Meso C7 Relic,Meso,18.6,Inaros Prime Systems Blueprint,8.0,Burston Prime Blueprint,2.45,Forma Blueprint,,Karyst Prime Handle,3.7,Vectis Prime Blueprint,8.5,Carrier Prime Cerebrum,42.5,4.84,8.43
Meso C8 Relic,Meso,5.4,Phantasma Prime Receiver,5.0,Nagantaka Prime Barrel,7.0,Bronco Prime Receiver,3.4,Harrow Prime Neuroptics Blueprint,7.0,Scourge Prime Handle,5.6,Cobra & Crane Prime Guard,10.0,5.49,6.09
Meso C9 Relic,Meso,5.0,Forma Blueprint,,Paris Prime Lower Limb,2.0,Hildryn Prime Systems Blueprint,3.5,Braton Prime Stock,1.5,Revenant Prime Systems Blueprint,7.0,Corvas Prime Barrel,25.0,2.83,5.12
Meso D1 Relic,Meso,7.1,Orthos Prime Handle,1.6,Lex Prime Blueprint,2.1,2X Forma Blueprint,,2X Forma Blueprint,,Orthos Prime Blade,4.0,Dual Kamas Prime Blade,35.0,2.08,4.92
Meso D2 Relic,Meso,7.6,Paris Prime Lower Limb,2.0,Lex Prime Receiver,3.5,Forma Blueprint,,Valkyr Prime Neuroptics Blueprint,10.0,Helios Prime Systems,8.5,Destreza Prime Blade,64.5,4.72,11.07
Meso D3 Relic,Meso,8.42,Akbolto Prime Blueprint,2.5,Fang Prime Handle,1.5,Braton Prime Stock,1.5,Nami Skyla Prime Handle,7.0,Kronen Prime Handle,8.5,Destreza Prime Blade,64.5,4.39,10.47
Meso D4 Relic,Meso,5.6,Forma Blueprint,,Orthos Prime Handle,1.6,Akjagara Prime Blueprint,3.75,Lex Prime Blueprint,2.1,Chroma Prime Chassis Blueprint,8.5,Dethcube Prime Cerebrum,30.0,3.12,6.01
Meso D5 Relic,Meso,8.8,Trinity Prime Neuroptics Blueprint,10.0,Soma Prime Barrel,9.5,Forma Blueprint,,Nova Prime Blueprint,11.0,Vasto Prime Blueprint,5.0,Dual Kamas Prime Blade,35.0,7.4,9.95
Meso D6 Relic,Meso,10.0,Ivara Prime Neuroptics Blueprint,5.0,Octavia Prime Systems Blueprint,7.5,Paris Prime Blueprint,3.3,Aksomati Prime Barrel,11.5,Nezha Prime Blueprint,7.0,Dethcube Prime Cerebrum,30.0,6.64,9.33
Meso D7 Relic,Meso,3.8,Nidus Prime Systems Blueprint,6.0,Forma Blueprint,,Afuris Prime Barrel,4.5,Strun Prime Stock,8.5,Nagantaka Prime Receiver,4.5,Dual Keres Prime Blueprint,15.5,4.4,5.9
Meso D8 Relic,Meso,0.75,Dual Zoren Prime Handle,2.0,Braton Prime Blueprint,2.55,Bronco Prime Barrel,2.0,Voruna Prime Neuroptics Blueprint,2.0,Yareli Prime Blueprint,2.5,Daikyu Prime Grip,8.0,2.31,2.79
Meso D9 Relic,Meso,4.0,Afentis Prime Handle,4.0,Burston Prime Blueprint,2.45,Paris Prime Upper Limb,2.8,Steflos Prime Stock,14.0,Cedo Prime Receiver,3.0,Dual Zoren Prime Blade,10.5,4.42,5.99
Meso E1 Relic,Meso,55.0,Bo Prime Ornament,21.5,Frost Prime Chassis Blueprint,13.5,Latron Prime Barrel,17.5,Wyrm Prime Systems,34.5,2X Forma Blueprint,,Ember Prime Blueprint,26.0,17.61,18.25
Meso E2 Relic,Meso,8.7,Bronco Prime Blueprint,3.4,Destreza Prime Handle,18.0,Pyrana Prime Barrel,5.5,Rubico Prime Stock,7.0,Akbolto Prime Link,3.5,Equinox Prime Systems Blueprint,30.0,8.57,9.58
Meso E3 Relic,Meso,8.0,Destreza Prime Handle,18.0,Bronco Prime Receiver,3.4,Forma Blueprint,,Atlas Prime Chassis Blueprint,6.5,Stradavar Prime Barrel,4.0,Equinox Prime Systems Blueprint,30.0,7.18,8.67
Meso E4 Relic,Meso,5.0,Paris Prime Blueprint,3.3,Baza Prime Receiver,7.0,Forma Blueprint,,Titania Prime Neuroptics Blueprint,8.0,Tekko Prime Blueprint,3.75,Equinox Prime Systems Blueprint,30.0,4.5,7.07
Meso E5 Relic,Meso,4.58,Mirage Prime Neuroptics Blueprint,6.0,Forma Blueprint,,Helios Prime Carapace,4.0,Banshee Prime Blueprint,8.0,Helios Prime Blueprint,7.0,Euphona Prime Receiver,25.5,4.69,7.22
Meso E6 Relic,Meso,2.75,Xaku Prime Neuroptics Blueprint,3.0,Forma Blueprint,,Paris Prime String,1.6,Akbronco Prime Link,2.0,Masseter Prime Blueprint,2.75,Epitaph Prime Receiver,10.0,1.89,2.72
Meso E7 Relic,Meso,5.0,Gyre Prime Systems Blueprint,3.5,Forma Blueprint,,Cedo Prime Stock,4.0,Sarofang Prime Blueprint,3.5,Daikyu Prime Upper Limb,2.0,Epitaph Prime Receiver,10.0,2.7,3.35
Meso E8 Relic,Meso,,Sevagoth Prime Neuroptics Blueprint,2.5,Bronco Prime Receiver,3.4,Forma Blueprint,,Ballistica Prime Lower Limb,9.5,Hydroid Prime Neuroptics Blueprint,11.5,Epitaph Prime Receiver,10.0,4.0,6.18
Meso F1 Relic,Meso,8.45,Bronco Prime Receiver,3.4,Paris Prime Lower Limb,2.0,Saryn Prime Systems Blueprint,6.5,Nekros Prime Neuroptics Blueprint,24.0,Dual Kamas Prime Handle,8.5,Fragor Prime Blueprint,12.0,6.83,9.68
Meso F2 Relic,Meso,14.8,Latron Prime Stock,17.0,Ember Prime Chassis Blueprint,8.5,Sicarus Prime Barrel,8.45,Reaper Prime Blade,9.0,2X Forma Blueprint,,Frost Prime Blueprint,39.0,10.37,11.36
Meso F3 Relic,Meso,31.0,Ember Prime Neuroptics Blueprint,9.0,Reaper Prime Handle,12.0,Loki Prime Blueprint,8.5,2X Forma Blueprint,,Glaive Prime Disc,8.5,Frost Prime Blueprint,39.0,9.19,10.52
Meso F4 Relic,Meso,13.0,Latron Prime Stock,17.0,Reaper Prime Handle,12.0,Forma Blueprint,,Mag Prime Chassis Blueprint,9.0,Boar Prime Blueprint,9.0,Frost Prime Blueprint,39.0,10.11,12.33
Meso F5 Relic,Meso,2.0,Gunsen Prime Blueprint,3.3,Orthos Prime Handle,1.6,Bronco Prime Blueprint,3.4,Paris Prime Grip,3.0,Shade Prime Systems,6.5,Fulmin Prime Receiver,23.0,3.61,5.58
Meso G1 Relic,Meso,5.0,Venka Prime Blades,6.5,Braton Prime Barrel,3.5,Forma Blueprint,,Silva & Aegis Prime Blade,7.5,Ballistica Prime String,21.5,Galatine Prime Blueprint,36.0,6.44,11.07
Meso G10 Relic,Meso,11.5,Wisp Prime Systems Blueprint,6.0,Burston Prime Stock,3.0,Forma Blueprint,,Larkspur Prime Receiver,8.5,Hildryn Prime Chassis Blueprint,15.0,Gunsen Prime Blade,15.0,5.16,7.7
Meso G2 Relic,Meso,4.4,Forma Blueprint,,Equinox Prime Chassis Blueprint,4.0,Orthos Prime Handle,1.6,Burston Prime Barrel,4.5,Atlas Prime Systems Blueprint,7.0,Guandao Prime Handle,20.0,3.08,5.23
Meso G3 Relic,Meso,3.0,Harrow Prime Chassis Blueprint,11.0,Strun Prime Receiver,6.5,Forma Blueprint,,Karyst Prime Handle,3.7,Panthera Prime Stock,7.5,Gara Prime Blueprint,24.5,6.15,7.61
Meso G4 Relic,Meso,3.0,Corvas Prime Receiver,6.7,Octavia Prime Systems Blueprint,7.5,Bronco Prime Receiver,3.4,Scourge Prime Handle,5.6,2X Forma Blueprint,,Guandao Prime Handle,20.0,5.47,6.05
Meso G5 Relic,Meso,1.8,Corvas Prime Stock,4.8,Khora Prime Systems Blueprint,7.0,Paris Prime Blueprint,3.3,Nagantaka Prime Stock,6.8,Phantasma Prime Blueprint,6.0,Gunsen Prime Blade,15.0,5.53,6.58
Meso G6 Relic,Meso,3.8,Forma Blueprint,,Tatsu Prime Blueprint,4.1,Burston Prime Stock,3.0,Zylok Prime Receiver,4.0,Paris Prime Grip,3.0,Grendel Prime Blueprint,14.0,2.85,3.98
Meso G7 Relic,Meso,4.5,Burston Prime Stock,3.0,Cobra & Crane Prime Hilt,6.5,Wisp Prime Systems Blueprint,6.0,Okina Prime Handle,6.0,Tatsu Prime Blade,4.5,Gauss Prime Systems Blueprint,28.0,5.64,7.48
Meso G8 Relic,Meso,1.0,Sevagoth Prime Systems Blueprint,3.0,Paris Prime Lower Limb,2.0,Braton Prime Stock,1.5,Quassus Prime Blueprint,3.0,2X Forma Blueprint,,Grendel Prime Blueprint,14.0,2.26,3.08
Meso G9 Relic,Meso,6.0,Venato Prime Handle,2.5,Acceltra Prime Blueprint,2.6,Akbronco Prime Blueprint,2.0,Trumna Prime Stock,3.5,2X Forma Blueprint,,Gauss Prime Systems Blueprint,28.0,2.74,4.68
Meso H1 Relic,Meso,9.8,Paris Prime Blueprint,3.3,Mirage Prime Neuroptics Blueprint,6.0,Hydroid Prime Chassis Blueprint,7.0,Oberon Prime Blueprint,8.5,Fragor Prime Blueprint,12.0,Helios Prime Cerebrum,20.0,6.78,8.82
Meso H2 Relic,Meso,6.45,Forma Blueprint,,Guandao Prime Blade,8.0,Nidus Prime Systems Blueprint,6.0,Nezha Prime Blueprint,7.0,Paris Prime Upper Limb,2.8,Harrow Prime Systems Blueprint,31.5,5.25,7.44
Meso H3 Relic,Meso,3.0,Zakti Prime Receiver,5.8,Burston Prime Receiver,3.5,Octavia Prime Systems Blueprint,7.5,2X Forma Blueprint,,Astilla Prime Blueprint,3.85,Hystrix Prime Receiver,19.5,5.07,5.52
Meso H4 Relic,Meso,6.6,Larkspur Prime Blueprint,5.0,Baruuk Prime Systems Blueprint,7.0,Nagantaka Prime Barrel,7.0,Strun Prime Barrel,8.5,Knell Prime Receiver,4.5,Harrow Prime Systems Blueprint,31.5,6.87,8.92
Meso H5 Relic,Meso,5.6,Forma Blueprint,,Paris Prime Blueprint,3.3,Fang Prime Handle,1.5,Gauss Prime Neuroptics Blueprint,8.0,Revenant Prime Systems Blueprint,7.0,Hildryn Prime Blueprint,35.0,3.57,7.3
Meso H6 Relic,Meso,3.4,Paris Prime String,1.6,Baruuk Prime Systems Blueprint,7.0,Revenant Prime Chassis Blueprint,7.0,2X Forma Blueprint,,Cobra & Crane Prime Blade,4.0,Hystrix Prime Receiver,19.5,4.78,5.35
Meso H7 Relic,Meso,5.0,Braton Prime Barrel,3.5,Lex Prime Blueprint,2.1,Baruuk Prime Systems Blueprint,7.0,2X Forma Blueprint,,Fulmin Prime Blueprint,6.0,Hildryn Prime Blueprint,35.0,4.55,6.8
Meso H8 Relic,Meso,3.5,Nagantaka Prime Barrel,7.0,Lex Prime Receiver,3.5,Forma Blueprint,,Corvas Prime Blueprint,5.3,Dual Keres Prime Handle,8.0,Hystrix Prime Receiver,19.5,4.51,6.36
Meso I1 Relic,Meso,5.0,Corinth Prime Blueprint,4.7,Paris Prime Upper Limb,2.8,Titania Prime Chassis Blueprint,9.0,Orthos Prime Blade,4.0,Atlas Prime Systems Blueprint,7.0,Inaros Prime Neuroptics Blueprint,40.0,6.19,8.95
Meso I2 Relic,Meso,6.9,Karyst Prime Blueprint,6.6,Burston Prime Blueprint,2.45,Forma Blueprint,,Guandao Prime Blueprint,4.9,Astilla Prime Blueprint,3.85,Inaros Prime Neuroptics Blueprint,40.0,4.05,7.26
Meso I3 Relic,Meso,,Aksomati Prime Blueprint,4.65,Burston Prime Blueprint,2.45,Forma Blueprint,,Baza Prime Blueprint,12.5,Protea Prime Systems Blueprint,12.0,Ivara Prime Chassis Blueprint,27.0,5.03,8.78
Meso K1 Relic,Meso,5.0,Nekros Prime Chassis Blueprint,8.5,Orthos Prime Handle,1.6,Cernos Prime Upper Limb,7.5,Akstiletto Prime Barrel,14.0,Tigris Prime Receiver,8.5,Kogake Prime Gauntlet,16.0,7.25,9.03
Meso K2 Relic,Meso,8.2,Mirage Prime Chassis Blueprint,6.0,Paris Prime String,1.6,Orthos Prime Handle,1.6,Wukong Prime Systems Blueprint,14.0,Chroma Prime Chassis Blueprint,8.5,Kronen Prime Blade,34.0,5.49,9.43
Meso K3 Relic,Meso,5.0,Ninkondi Prime Blueprint,4.2,Orthos Prime Handle,1.6,Braton Prime Stock,1.5,2X Forma Blueprint,,Wukong Prime Chassis Blueprint,10.5,Karyst Prime Blade,22.5,3.45,5.57
Meso K4 Relic,Meso,4.0,Phantasma Prime Receiver,5.0,Garuda Prime Blueprint,4.0,Nagantaka Prime Barrel,7.0,2X Forma Blueprint,,Knell Prime Receiver,4.5,Khora Prime Blueprint,30.0,5.15,6.57
Meso K5 Relic,Meso,4.2,Fang Prime Blueprint,1.65,Gara Prime Systems Blueprint,6.5,Forma Blueprint,,Revenant Prime Systems Blueprint,7.0,Cobra & Crane Prime Blueprint,3.8,Knell Prime Barrel,34.5,3.94,6.97
Meso K6 Relic,Meso,7.0,Forma Blueprint,,Larkspur Prime Blueprint,5.0,Hystrix Prime Barrel,6.0,Wisp Prime Neuroptics Blueprint,6.0,Orthos Prime Blade,4.0,Knell Prime Receiver,4.5,3.98,4.28
Meso K7 Relic,Meso,5.0,Epitaph Prime Blueprint,5.5,Masseter Prime Handle,3.15,Protea Prime Blueprint,2.6,2X Forma Blueprint,,Acceltra Prime Receiver,4.0,Kompressa Prime Barrel,7.0,3.43,3.38
Meso K8 Relic,Meso,1.0,Xaku Prime Neuroptics Blueprint,3.0,Burston Prime Blueprint,2.45,Lex Prime Barrel,3.5,Alternox Prime Barrel,3.0,2X Forma Blueprint,,Kestrel Prime Grip,8.0,2.76,2.89
Meso K9 Relic,Meso,,Athodai Prime Blueprint,3.5,Fang Prime Blueprint,1.65,Yareli Prime Chassis Blueprint,2.5,Caliban Prime Blueprint,2.5,Perigale Prime Receiver,4.5,Kestrel Prime Grip,8.0,2.87,3.48
Meso L1 Relic,Meso,6.67,Tipedo Prime Blueprint,4.6,Burston Prime Receiver,3.5,Ninkondi Prime Blueprint,4.2,Chroma Prime Chassis Blueprint,8.5,Dethcube Prime Carapace,5.0,Limbo Prime Chassis Blueprint,48.5,5.57,9.6
Meso L2 Relic,Meso,6.6,Mesa Prime Chassis Blueprint,5.5,Lex Prime Barrel,3.5,Forma Blueprint,,Akjagara Prime Receiver,10.0,Vasto Prime Blueprint,5.0,Limbo Prime Chassis Blueprint,48.5,4.9,9.35
Meso L3 Relic,Meso,5.0,Paris Prime Upper Limb,2.8,Forma Blueprint,,Sevagoth Prime Neuroptics Blueprint,2.5,Okina Prime Handle,6.0,Acceltra Prime Receiver,4.0,Lavos Prime Systems Blueprint,10.0,2.64,3.88
Meso L4 Relic,Meso,1.0,Perigale Prime Blueprint,3.5,Sevagoth Prime Neuroptics Blueprint,2.5,Burston Prime Stock,3.0,Bronco Prime Barrel,2.0,Quassus Prime Blueprint,3.0,Lavos Prime Systems Blueprint,10.0,3.03,3.5
Meso L5 Relic,Meso,1.0,Athodai Prime Blueprint,3.5,Paris Prime Lower Limb,2.0,Forma Blueprint,,Trumna Prime Stock,3.5,Vadarya Prime Receiver,3.0,Lavos Prime Systems Blueprint,10.0,2.31,3.22
Meso M1 Relic,Meso,12.0,Dakra Prime Handle,8.5,Boltor Prime Barrel,15.0,Ankyros Prime Gauntlet,12.0,Boar Prime Barrel,16.0,Rhino Prime Chassis Blueprint,9.0,Mag Prime Blueprint,29.0,12.32,13.82
Meso M2 Relic,Meso,9.8,Fang Prime Blade,3.5,Paris Prime String,1.6,Kogake Prime Boot,6.5,Akjagara Prime Link,6.5,Silva & Aegis Prime Blade,7.5,Mirage Prime Blueprint,25.0,4.98,7.23
Meso M3 Relic,Meso,15.8,Ballistica Prime Lower Limb,9.5,Gram Prime Blade,6.5,Paris Prime String,1.6,Equinox Prime Neuroptics Blueprint,7.0,Kogake Prime Blueprint,6.0,Mirage Prime Blueprint,25.0,6.39,8.03
Meso M4 Relic,Meso,2.7,Lex Prime Blueprint,2.1,Larkspur Prime Blueprint,5.0,Dual Keres Prime Blade,8.5,Fang Prime Handle,1.5,2X Forma Blueprint,,Masseter Prime Blade,11.5,4.35,4.05
Meso M5 Relic,Meso,16.5,Saryn Prime Systems Blueprint,6.5,Braton Prime Stock,1.5,Forma Blueprint,,Spira Prime Blade,17.35,Strun Prime Stock,8.5,Magnus Prime Barrel,23.5,5.34,8.85
Meso N1 Relic,Meso,6.0,Fang Prime Handle,1.5,Braton Prime Stock,1.5,Fang Prime Blueprint,1.65,2X Forma Blueprint,,Dual Kamas Prime Handle,8.5,Nyx Prime Neuroptics Blueprint,27.0,2.65,5.18
Meso N10 Relic,Meso,4.4,Ivara Prime Neuroptics Blueprint,5.0,Tipedo Prime Blueprint,4.6,Pangolin Prime Handle,6.5,Bronco Prime Barrel,2.0,Panthera Prime Stock,7.5,Ninkondi Prime Handle,19.0,5.5,6.48
Meso N11 Relic,Meso,9.1,Cernos Prime Upper Limb,7.5,Scindo Prime Handle,8.5,Lex Prime Barrel,3.5,Valkyr Prime Neuroptics Blueprint,10.0,2X Forma Blueprint,,Nyx Prime Neuroptics Blueprint,27.0,6.58,7.95
Meso N12 Relic,Meso,5.0,Paris Prime String,1.6,Zakti Prime Receiver,5.8,Knell Prime Blueprint,4.8,Inaros Prime Blueprint,7.0,Nidus Prime Blueprint,8.5,Nagantaka Prime Blueprint,13.5,5.07,6.48
Meso N13 Relic,Meso,15.0,Revenant Prime Chassis Blueprint,7.0,Braton Prime Receiver,3.5,Harrow Prime Chassis Blueprint,11.0,Astilla Prime Stock,6.5,Garuda Prime Chassis Blueprint,7.0,Nidus Prime Chassis Blueprint,30.0,7.53,9.28
Meso N14 Relic,Meso,6.0,Phantasma Prime Receiver,5.0,Braton Prime Barrel,3.5,Lex Prime Receiver,3.5,Shade Prime Blueprint,7.0,Cobra & Crane Prime Blade,4.0,Nidus Prime Chassis Blueprint,30.0,4.85,7.2
Meso N15 Relic,Meso,10.0,Pandero Prime Blueprint,4.8,Zakti Prime Receiver,5.8,Forma Blueprint,,Octavia Prime Chassis Blueprint,9.5,Lex Prime Blueprint,2.1,Nezha Prime Chassis Blueprint,30.0,4.56,7.09
Meso N16 Relic,Meso,6.6,Scourge Prime Blade,4.25,Vasto Prime Receiver,8.0,Forma Blueprint,,Tigris Prime Barrel,5.6,Fang Prime Handle,1.5,Nekros Prime Systems Blueprint,30.0,4.48,6.46
Meso N17 Relic,Meso,2.0,Forma Blueprint,,Acceltra Prime Blueprint,2.6,Masseter Prime Handle,3.15,Akarius Prime Link,3.5,Velox Prime Blueprint,3.05,Nautilus Prime Blueprint,11.0,2.4,3.37
Meso N2 Relic,Meso,11.25,Hikou Prime Blueprint,4.25,Bronco Prime Blueprint,3.4,Fang Prime Handle,1.5,Ash Prime Neuroptics Blueprint,8.5,2X Forma Blueprint,,Vauban Prime Neuroptics Blueprint,31.5,3.88,6.38
Meso N3 Relic,Meso,18.0,Burston Prime Stock,3.0,Bronco Prime Blueprint,3.4,Braton Prime Barrel,3.5,Euphona Prime Barrel,4.5,Carrier Prime Cerebrum,42.5,Nekros Prime Blueprint,26.5,8.21,13.7
Meso N4 Relic,Meso,10.0,Paris Prime Upper Limb,2.8,Saryn Prime Systems Blueprint,6.5,Orthos Prime Handle,1.6,2X Forma Blueprint,,Oberon Prime Blueprint,8.5,Nikana Prime Blade,14.5,3.99,4.97
Meso N5 Relic,Meso,5.0,Braton Prime Stock,1.5,Forma Blueprint,,Lex Prime Receiver,3.5,Hydroid Prime Blueprint,15.5,Tigris Prime Receiver,8.5,Nekros Prime Systems Blueprint,30.0,4.51,8.63
Meso N6 Relic,Meso,7.9,Forma Blueprint,,Boltor Prime Barrel,15.0,Hikou Prime Pouch,12.5,Scindo Prime Handle,8.5,Rhino Prime Chassis Blueprint,9.0,Nyx Prime Neuroptics Blueprint,27.0,9.43,10.78
Meso N7 Relic,Meso,6.8,Limbo Prime Systems Blueprint,3.0,Pyrana Prime Barrel,5.5,Kronen Prime Blueprint,4.1,Gram Prime Blueprint,7.5,2X Forma Blueprint,,Ninkondi Prime Handle,19.0,4.4,5.5
Meso N8 Relic,Meso,4.6,Valkyr Prime Blueprint,7.0,Forma Blueprint,,Cernos Prime Upper Limb,7.5,Valkyr Prime Neuroptics Blueprint,10.0,Cernos Prime String,7.0,Nikana Prime Hilt,37.5,6.29,9.57
Meso N9 Relic,Meso,5.0,Tekko Prime Gauntlet,8.0,Forma Blueprint,,Paris Prime String,1.6,Ivara Prime Blueprint,8.5,Akjagara Prime Link,6.5,Ninkondi Prime Handle,19.0,4.46,6.5
Meso O1 Relic,Meso,8.5,Forma Blueprint,,Akbronco Prime Blueprint,2.0,Paris Prime Lower Limb,2.0,Akstiletto Prime Link,9.1,Cernos Prime String,7.0,Oberon Prime Neuroptics Blueprint,31.0,3.4,6.99
Meso O2 Relic,Meso,4.1,Paris Prime Lower Limb,2.0,Cernos Prime Upper Limb,7.5,Tiberon Prime Receiver,8.0,Akbronco Prime Link,2.0,Mirage Prime Systems Blueprint,14.0,Oberon Prime Neuroptics Blueprint,31.0,6.81,9.22
Meso O3 Relic,Meso,15.0,Forma Blueprint,,Loki Prime Neuroptics Blueprint,14.0,Odonata Prime Systems Blueprint,8.5,Volt Prime Chassis Blueprint,18.5,Wyrm Prime Systems,34.5,Odonata Prime Wings Blueprint,24.5,12.02,16.8
Meso O4 Relic,Meso,10.0,Silva & Aegis Prime Hilt,5.5,Forma Blueprint,,Fang Prime Blueprint,1.65,Nekros Prime Neuroptics Blueprint,24.0,Galatine Prime Handle,5.5,Oberon Prime Neuroptics Blueprint,31.0,5.68,10.19
Meso O5 Relic,Meso,9.0,Harrow Prime Chassis Blueprint,11.0,Forma Blueprint,,Burston Prime Stock,3.0,Gara Prime Neuroptics Blueprint,6.0,Nagantaka Prime Receiver,4.5,Octavia Prime Blueprint,47.0,5.64,9.13
Meso O6 Relic,Meso,10.0,Ivara Prime Neuroptics Blueprint,5.0,Sybaris Prime Blueprint,6.0,Braton Prime Barrel,3.5,Silva & Aegis Prime Blade,7.5,Lex Prime Blueprint,2.1,Oberon Prime Neuroptics Blueprint,31.0,5.35,7.44
Meso P1 Relic,Meso,6.27,Oberon Prime Chassis Blueprint,10.0,Chroma Prime Blueprint,9.0,Bronco Prime Receiver,3.4,Silva & Aegis Prime Blueprint,8.8,Ballistica Prime Receiver,6.5,Pyrana Prime Blueprint,40.0,8.16,10.79
Meso P10 Relic,Meso,2.0,Braton Prime Barrel,3.5,Forma Blueprint,,Strun Prime Receiver,6.5,Paris Prime Upper Limb,2.8,Harrow Prime Neuroptics Blueprint,7.0,Phantasma Prime Barrel,18.5,3.98,5.48
Meso P11 Relic,Meso,9.4,Bronco Prime Blueprint,3.4,Forma Blueprint,,Harrow Prime Chassis Blueprint,11.0,Hildryn Prime Chassis Blueprint,15.0,Dual Keres Prime Handle,8.0,Phantasma Prime Stock,13.5,6.45,8.35
Meso P12 Relic,Meso,8.0,Vectis Prime Barrel,20.0,Carrier Prime Blueprint,11.0,Forma Blueprint,,Ash Prime Neuroptics Blueprint,8.5,Burston Prime Barrel,4.5,Panthera Prime Barrel,22.5,9.73,10.02
Meso P13 Relic,Meso,2.0,Fulmin Prime Barrel,6.5,Braton Prime Stock,1.5,Lex Prime Barrel,3.5,Akbronco Prime Link,2.0,Garuda Prime Chassis Blueprint,7.0,Phantasma Prime Barrel,18.5,4.27,5.57
Meso P14 Relic,Meso,5.0,Lex Prime Barrel,3.5,Garuda Prime Blueprint,4.0,Baruuk Prime Systems Blueprint,7.0,Hildryn Prime Neuroptics Blueprint,7.0,Shade Prime Systems,6.5,Phantasma Prime Stock,13.5,5.43,6.47
Meso P15 Relic,Meso,1.5,Bronco Prime Receiver,3.4,Gauss Prime Chassis Blueprint,5.0,Zylok Prime Barrel,5.0,2X Forma Blueprint,,Gunsen Prime Handle,7.0,Protea Prime Systems Blueprint,12.0,4.4,4.83
Meso P16 Relic,Meso,2.45,Trumna Prime Blueprint,1.55,Forma Blueprint,,Braton Prime Stock,1.5,Daikyu Prime Upper Limb,2.0,Akarius Prime Link,3.5,Protea Prime Systems Blueprint,12.0,1.62,2.81
Meso P17 Relic,Meso,3.7,Venato Prime Handle,2.5,Akbronco Prime Blueprint,2.0,Fang Prime Blade,3.5,Kestrel Prime Blueprint,2.75,Yareli Prime Blueprint,2.5,Protea Prime Chassis Blueprint,13.5,2.87,3.73
Meso P2 Relic,Meso,4.0,Braton Prime Receiver,3.5,Forma Blueprint,,Baza Prime Receiver,7.0,Zhuge Prime Blueprint,5.35,Ivara Prime Systems Blueprint,9.0,Panthera Prime Receiver,16.0,4.56,6.22
Meso P3 Relic,Meso,4.9,Karyst Prime Blueprint,6.6,Lex Prime Blueprint,2.1,Zhuge Prime Grip,5.4,Mesa Prime Blueprint,6.0,2X Forma Blueprint,,Pangolin Prime Blueprint,10.3,4.44,4.58
Meso P4 Relic,Meso,4.6,Braton Prime Barrel,3.5,Forma Blueprint,,Burston Prime Blueprint,2.45,Corinth Prime Receiver,4.55,Titania Prime Neuroptics Blueprint,8.0,Panthera Prime Barrel,22.5,3.34,5.75
Meso P5 Relic,Meso,4.1,Orthos Prime Handle,1.6,Zakti Prime Receiver,5.8,Tenora Prime Blueprint,4.5,Gara Prime Neuroptics Blueprint,6.0,2X Forma Blueprint,,Panthera Prime Receiver,16.0,3.99,4.78
Meso P6 Relic,Meso,69.9,Destreza Prime Handle,18.0,Braton Prime Blueprint,2.55,Forma Blueprint,,Kavasa Prime Kubrow Collar Blueprint,6.2,Trinity Prime Blueprint,13.0,Pyrana Prime Blueprint,40.0,8.12,11.27
Meso P7 Relic,Meso,4.33,Nezha Prime Systems Blueprint,6.5,Forma Blueprint,,Burston Prime Receiver,3.5,Garuda Prime Chassis Blueprint,7.0,Guandao Prime Blueprint,4.9,Panthera Prime Barrel,22.5,4.29,6.3
Meso P8 Relic,Meso,3.0,Khora Prime Systems Blueprint,7.0,Garuda Prime Blueprint,4.0,Fang Prime Blueprint,1.65,Nidus Prime Blueprint,8.5,Zakti Prime Barrel,4.5,Pandero Prime Receiver,28.5,5.2,7.56
Meso P9 Relic,Meso,4.0,Paris Prime Lower Limb,2.0,Nidus Prime Systems Blueprint,6.0,Khora Prime Systems Blueprint,7.0,Revenant Prime Systems Blueprint,7.0,Nagantaka Prime Receiver,4.5,Pandero Prime Receiver,28.5,5.63,7.65
Meso R1 Relic,Meso,7.0,Tiberon Prime Receiver,8.0,Paris Prime Upper Limb,2.8,Braton Prime Blueprint,2.55,Akbronco Prime Link,2.0,Ballistica Prime String,21.5,Rubico Prime Blueprint,21.0,6.39,9.03
Meso R2 Relic,Meso,12.2,Aksomati Prime Blueprint,4.65,Fang Prime Blueprint,1.65,Forma Blueprint,,Mesa Prime Blueprint,6.0,Destreza Prime Blueprint,8.0,Rubico Prime Blueprint,21.0,3.56,5.95
Meso R3 Relic,Meso,5.0,Pangolin Prime Handle,6.5,Akjagara Prime Blueprint,3.75,Zhuge Prime Grip,5.4,Dethcube Prime Carapace,5.0,Bronco Prime Barrel,2.0,Rubico Prime Blueprint,21.0,5.15,6.11
Meso R4 Relic,Meso,5.93,Gram Prime Blade,6.5,Zephyr Prime Chassis Blueprint,5.0,Braton Prime Barrel,3.5,Chroma Prime Systems Blueprint,28.0,2X Forma Blueprint,,Rubico Prime Blueprint,21.0,7.3,10.2
Meso R5 Relic,Meso,6.4,Hystrix Prime Barrel,6.0,Baruuk Prime Systems Blueprint,7.0,Forma Blueprint,,Nidus Prime Blueprint,8.5,Astilla Prime Blueprint,3.85,Revenant Prime Blueprint,20.0,5.05,6.64
Meso R6 Relic,Meso,4.3,Afuris Prime Barrel,4.5,Braton Prime Stock,1.5,Forma Blueprint,,Cobra & Crane Prime Blade,4.0,Orthos Prime Blueprint,2.5,Revenant Prime Blueprint,20.0,2.63,4.3
Meso S1 Relic,Meso,46.4,Nova Prime Systems Blueprint,13.5,Paris Prime Blueprint,3.3,Tigris Prime Stock,5.5,Paris Prime Upper Limb,2.8,Odonata Prime Blueprint,8.0,Soma Prime Stock,24.5,7.33,8.33
Meso S10 Relic,Meso,5.0,Corinth Prime Blueprint,4.7,Paris Prime String,1.6,Forma Blueprint,,Aksomati Prime Barrel,11.5,Titania Prime Blueprint,14.5,Strun Prime Blueprint,25.0,4.96,8.75
Meso S11 Relic,Meso,11.5,Lex Prime Barrel,3.5,Pangolin Prime Handle,6.5,Paris Prime Blueprint,3.3,Octavia Prime Chassis Blueprint,9.5,Strun Prime Stock,8.5,Scourge Prime Barrel,34.5,6.04,9.27
Meso S12 Relic,Meso,6.0,Tatsu Prime Blueprint,4.1,Garuda Prime Blueprint,4.0,Bronco Prime Receiver,3.4,2X Forma Blueprint,,Braton Prime Stock,1.5,Scourge Prime Barrel,34.5,3.77,5.67
Meso S13 Relic,Meso,15.0,Knell Prime Blueprint,4.8,Lex Prime Barrel,3.5,Forma Blueprint,,Tigris Prime Receiver,8.5,Burston Prime Barrel,4.5,Scourge Prime Barrel,34.5,4.22,7.43
Meso S14 Relic,Meso,10.0,Burston Prime Stock,3.0,Ankyros Prime Gauntlet,12.0,Forma Blueprint,,Rhino Prime Neuroptics Blueprint,13.0,Ember Prime Neuroptics Blueprint,9.0,Sicarus Prime Receiver,36.9,6.96,10.59
Meso S15 Relic,Meso,13.33,Magnus Prime Blueprint,7.0,Braton Prime Barrel,3.5,Forma Blueprint,,Nikana Prime Blade,14.5,Paris Prime Grip,3.0,Spira Prime Pouch,34.0,5.26,8.65
Meso S2 Relic,Meso,5.6,Paris Prime String,1.6,Bronco Prime Blueprint,3.4,Galatine Prime Blade,6.4,Paris Prime Grip,3.0,2X Forma Blueprint,,Saryn Prime Chassis Blueprint,39.0,4.0,6.4
Meso S3 Relic,Meso,9.0,Valkyr Prime Blueprint,7.0,Nekros Prime Chassis Blueprint,8.5,Akbronco Prime Blueprint,2.0,Ash Prime Blueprint,10.0,2X Forma Blueprint,,Spira Prime Pouch,34.0,6.21,8.32
Meso S4 Relic,Meso,9.8,Fang Prime Blueprint,1.65,Banshee Prime Neuroptics Blueprint,5.5,Galatine Prime Blade,6.4,Fang Prime Handle,1.5,Trinity Prime Blueprint,13.0,Saryn Prime Blueprint,16.0,5.35,6.76
Meso S5 Relic,Meso,8.6,Burston Prime Stock,3.0,Braton Prime Barrel,3.5,Lex Prime Barrel,3.5,2X Forma Blueprint,,Saryn Prime Neuroptics Blueprint,8.5,Sybaris Prime Barrel,32.5,4.12,6.62
Meso S6 Relic,Meso,4.1,Galatine Prime Blade,6.4,Helios Prime Carapace,4.0,Valkyr Prime Blueprint,7.0,Cernos Prime String,7.0,Tigris Prime Receiver,8.5,Spira Prime Blade,17.35,6.46,7.74
Meso S7 Relic,Meso,3.0,Forma Blueprint,,Cernos Prime Upper Limb,7.5,Venka Prime Blades,6.5,Paris Prime Grip,3.0,Nami Skyla Prime Handle,7.0,Sybaris Prime Barrel,32.5,5.3,7.58
Meso S8 Relic,Meso,5.0,Gram Prime Blade,6.5,Forma Blueprint,,Bronco Prime Receiver,3.4,Ballistica Prime Upper Limb,12.5,Burston Prime Barrel,4.5,Sybaris Prime Barrel,32.5,5.03,8.3
Meso S9 Relic,Meso,10.2,Spira Prime Blueprint,4.45,Braton Prime Blueprint,2.55,Lex Prime Barrel,3.5,Saryn Prime Neuroptics Blueprint,8.5,2X Forma Blueprint,,Spira Prime Pouch,34.0,4.27,6.85
Meso T1 Relic,Meso,3.33,Fang Prime Blueprint,1.65,Braton Prime Stock,1.5,Burston Prime Receiver,3.5,Paris Prime Upper Limb,2.8,2X Forma Blueprint,,Tiberon Prime Barrel,12.0,2.23,2.87
Meso T2 Relic,Meso,4.0,Lex Prime Barrel,3.5,Paris Prime Lower Limb,2.0,Forma Blueprint,,Tigris Prime Receiver,8.5,Banshee Prime Blueprint,8.0,Tiberon Prime Stock,23.5,3.68,6.57
Meso T3 Relic,Meso,4.0,Lex Prime Barrel,3.5,Forma Blueprint,,Paris Prime Lower Limb,2.0,Chroma Prime Chassis Blueprint,8.5,Limbo Prime Blueprint,5.5,Tiberon Prime Stock,23.5,3.4,6.07
Meso T4 Relic,Meso,7.0,Zhuge Prime Grip,5.4,Ninkondi Prime Blueprint,4.2,Forma Blueprint,,Wukong Prime Systems Blueprint,14.0,Paris Prime Grip,3.0,Tenora Prime Receiver,22.0,4.74,7.2
Meso T5 Relic,Meso,4.0,Paris Prime Upper Limb,2.8,Tekko Prime Gauntlet,8.0,Forma Blueprint,,Panthera Prime Stock,7.5,Astilla Prime Stock,6.5,Tenora Prime Barrel,15.5,4.59,6.15
Meso T6 Relic,Meso,9.8,Dethcube Prime Systems,7.0,Forma Blueprint,,Fang Prime Blueprint,1.65,Akstiletto Prime Receiver,18.5,Vauban Prime Chassis Blueprint,20.0,Tekko Prime Blade,22.0,6.87,11.34
Meso T7 Relic,Meso,5.0,Okina Prime Blade,7.0,Wisp Prime Systems Blueprint,6.0,Burston Prime Stock,3.0,Gauss Prime Neuroptics Blueprint,8.0,Akarius Prime Link,3.5,Trumna Prime Barrel,8.0,5.48,5.77
Meso T8 Relic,Meso,1.6,Burston Prime Stock,3.0,Xaku Prime Neuroptics Blueprint,3.0,Lex Prime Receiver,3.5,Protea Prime Neuroptics Blueprint,3.5,Akarius Prime Link,3.5,Trumna Prime Barrel,8.0,3.34,3.78
Meso V1 Relic,Meso,10.5,Burston Prime Blueprint,2.45,Spira Prime Blueprint,4.45,Carrier Prime Blueprint,11.0,Braton Prime Blueprint,2.55,2X Forma Blueprint,,Vectis Prime Receiver,53.5,5.88,8.84
Meso V10 Relic,Meso,1.0,Forma Blueprint,,Protea Prime Blueprint,2.6,Acceltra Prime Blueprint,2.6,Paris Prime Upper Limb,2.8,Fulmin Prime Stock,6.5,Velox Prime Barrel,10.0,2.54,3.73
Meso V11 Relic,Meso,2.0,Xaku Prime Neuroptics Blueprint,3.0,Fang Prime Blade,3.5,Braton Prime Blueprint,2.55,Caliban Prime Blueprint,2.5,Nautilus Prime Systems,3.5,Velox Prime Barrel,10.0,3.15,3.71
Meso V12 Relic,Meso,2.1,Velox Prime Receiver,5.45,Quassus Prime Handle,4.0,Forma Blueprint,,Bronco Prime Barrel,2.0,Sevagoth Prime Blueprint,6.5,Vadarya Prime Blueprint,7.0,3.47,3.98
Meso V13 Relic,Meso,0.91,Braton Prime Blueprint,2.55,Forma Blueprint,,Bronco Prime Receiver,3.4,Burston Prime Barrel,4.5,Caliban Prime Blueprint,2.5,Venato Prime Blade,8.0,2.44,3.19
Meso V14 Relic,Meso,0.17,Gyre Prime Systems Blueprint,3.5,Orthos Prime Handle,1.6,Protea Prime Blueprint,2.6,Trumna Prime Stock,3.5,2X Forma Blueprint,,Velox Prime Barrel,10.0,2.54,2.98
Meso V15 Relic,Meso,0.5,Trumna Prime Blueprint,1.55,Caliban Prime Chassis Blueprint,3.0,Venato Prime Handle,2.5,2X Forma Blueprint,,Caliban Prime Blueprint,2.5,Vadarya Prime Blueprint,7.0,2.2,2.38
Meso V16 Relic,Meso,,Baza Prime Receiver,7.0,Burston Prime Stock,3.0,Forma Blueprint,,Ivara Prime Systems Blueprint,9.0,Okina Prime Handle,6.0,Velox Prime Barrel,10.0,4.38,5.67
Meso V17 Relic,Meso,4.0,Corufell Prime Blueprint,8.0,Akbronco Prime Blueprint,2.0,Forma Blueprint,,Paris Prime Grip,3.0,Lavos Prime Blueprint,3.0,Voruna Prime Systems Blueprint,7.5,3.34,3.62
Meso V2 Relic,Meso,7.0,Vasto Prime Receiver,8.0,Paris Prime Blueprint,3.3,Ash Prime Chassis Blueprint,12.5,2X Forma Blueprint,,Volt Prime Chassis Blueprint,18.5,Nikana Prime Blade,14.5,8.35,9.12
Meso V3 Relic,Meso,9.8,Carrier Prime Blueprint,11.0,Forma Blueprint,,Spira Prime Blueprint,4.45,Kavasa Prime Band,6.1,Volt Prime Chassis Blueprint,18.5,Valkyr Prime Systems Blueprint,15.0,6.92,9.0
Meso V4 Relic,Meso,13.8,Carrier Prime Blueprint,11.0,Lex Prime Barrel,3.5,Forma Blueprint,,Valkyr Prime Neuroptics Blueprint,10.0,Ash Prime Neuroptics Blueprint,8.5,Vauban Prime Chassis Blueprint,20.0,6.11,8.12
Meso V5 Relic,Meso,9.8,Bronco Prime Blueprint,3.4,Cernos Prime Grip,7.0,Spira Prime Blueprint,4.45,Euphona Prime Barrel,4.5,Silva & Aegis Prime Blueprint,8.8,Venka Prime Gauntlet,22.5,5.67,7.39
Meso V6 Relic,Meso,25.6,Akstiletto Prime Barrel,14.0,Forma Blueprint,,Braton Prime Barrel,3.5,Vauban Prime Blueprint,15.0,Carrier Prime Cerebrum,42.5,Vectis Prime Receiver,53.5,11.83,19.77
Meso V7 Relic,Meso,5.0,Knell Prime Blueprint,4.8,Forma Blueprint,,Scourge Prime Blade,4.25,Dual Keres Prime Handle,8.0,Fang Prime Handle,1.5,Volnus Prime Handle,19.5,3.73,5.36
Meso V8 Relic,Meso,9.5,Fragor Prime Head,6.75,Forma Blueprint,,Fang Prime Blade,3.5,Tekko Prime Blueprint,3.75,Vasto Prime Blueprint,5.0,Vauban Prime Neuroptics Blueprint,31.5,4.19,6.61
Meso V9 Relic,Meso,1.0,Fang Prime Blueprint,1.65,Fulmin Prime Barrel,6.5,Forma Blueprint,,Afuris Prime Link,4.1,Baruuk Prime Chassis Blueprint,4.0,Velox Prime Barrel,10.0,3.16,3.98
Meso W1 Relic,Meso,5.9,Tekko Prime Gauntlet,8.0,Tipedo Prime Blueprint,4.6,Zhuge Prime String,10.0,Fang Prime Handle,1.5,Zephyr Prime Chassis Blueprint,5.0,Wukong Prime Blueprint,30.0,7.04,8.07
Meso W2 Relic,Meso,7.8,Stradavar Prime Receiver,5.0,Tipedo Prime Blueprint,4.6,Burston Prime Stock,3.0,Zhuge Prime Receiver,6.0,Fang Prime Handle,1.5,Wukong Prime Blueprint,30.0,4.62,6.6
Meso W3 Relic,Meso,6.7,Forma Blueprint,,Phantasma Prime Receiver,5.0,Hystrix Prime Barrel,6.0,Orthos Prime Blade,4.0,Larkspur Prime Stock,8.0,Wisp Prime Blueprint,34.0,4.79,7.63
Meso W4 Relic,Meso,4.0,Protea Prime Blueprint,2.6,Lex Prime Receiver,3.5,Afuris Prime Barrel,4.5,2X Forma Blueprint,,Gunsen Prime Handle,7.0,Wisp Prime Blueprint,34.0,4.13,6.57
Meso W5 Relic,Meso,3.6,Forma Blueprint,,Shade Prime Cerebrum,7.0,Acceltra Prime Blueprint,2.6,Cobra & Crane Prime Blade,4.0,Phantasma Prime Blueprint,6.0,Wisp Prime Chassis Blueprint,16.0,3.85,5.2
Meso X1 Relic,Meso,1.5,Vadarya Prime Stock,2.5,Yareli Prime Chassis Blueprint,2.5,Braton Prime Receiver,3.5,Dual Zoren Prime Blueprint,3.0,Paris Prime Grip,3.0,Xaku Prime Blueprint,13.0,3.07,3.92
Meso Y1 Relic,Meso,2.0,Trumna Prime Blueprint,1.55,Forma Blueprint,,Caliban Prime Chassis Blueprint,3.0,Okina Prime Handle,6.0,Cedo Prime Barrel,4.5,Yareli Prime Neuroptics Blueprint,9.0,2.49,3.76
Meso Y2 Relic,Meso,1.0,Lex Prime Blueprint,2.1,Bronco Prime Receiver,3.4,Gyre Prime Systems Blueprint,3.5,Styanax Prime Chassis Blueprint,5.5,Daikyu Prime Upper Limb,2.0,Yareli Prime Neuroptics Blueprint,9.0,3.28,3.9
Meso Z1 Relic,Meso,6.5,Burston Prime Receiver,3.5,Forma Blueprint,,Fang Prime Blueprint,1.65,Helios Prime Blueprint,7.0,Limbo Prime Blueprint,5.5,Zephyr Prime Blueprint,16.0,3.0,4.96
Meso Z2 Relic,Meso,6.0,Sybaris Prime Blueprint,6.0,Redeemer Prime Blade,5.1,Braton Prime Blueprint,2.55,Hydroid Prime Blueprint,15.5,Rubico Prime Barrel,7.5,Zephyr Prime Systems Blueprint,40.0,6.79,10.88
Meso Z3 Relic,Meso,6.8,Chroma Prime Blueprint,9.0,Forma Blueprint,,Stradavar Prime Receiver,5.0,Akjagara Prime Link,6.5,Rubico Prime Barrel,7.5,Zephyr Prime Systems Blueprint,40.0,5.89,9.13
Meso Z4 Relic,Meso,4.1,Volnus Prime Blueprint,4.2,Titania Prime Chassis Blueprint,9.0,Forma Blueprint,,Tenora Prime Stock,10.0,Bronco Prime Barrel,2.0,Zakti Prime Blueprint,27.5,5.21,7.35
Meso Z5 Relic,Meso,12.0,Fang Prime Blade,3.5,Lex Prime Barrel,3.5,Forma Blueprint,,Guandao Prime Blueprint,4.9,Tenora Prime Barrel,15.5,Zakti Prime Blueprint,27.5,4.57,8.0
Meso Z6 Relic,Meso,5.8,Acceltra Prime Blueprint,2.6,Paris Prime String,1.6,Forma Blueprint,,Gauss Prime Neuroptics Blueprint,8.0,Bronco Prime Barrel,2.0,Zylok Prime Blueprint,12.0,2.4,3.9
Neo A1 Relic,Neo,7.65,Carrier Prime Systems,7.0,Braton Prime Barrel,3.5,Forma Blueprint,,Cernos Prime String,7.0,Vectis Prime Blueprint,8.5,Akstiletto Prime Blueprint,13.5,4.63,6.2
Neo A10 Relic,Neo,5.0,Burston Prime Stock,3.0,Fang Prime Blueprint,1.65,Forma Blueprint,,Inaros Prime Chassis Blueprint,5.0,Panthera Prime Receiver,16.0,Ash Prime Systems Blueprint,18.0,3.85,6.78
Neo A11 Relic,Neo,4.4,Forma Blueprint,,Revenant Prime Chassis Blueprint,7.0,Lex Prime Blueprint,2.1,Burston Prime Barrel,4.5,Braton Prime Receiver,3.5,Akarius Prime Blueprint,15.0,3.49,4.62
Neo A12 Relic,Neo,3.2,Paris Prime String,1.6,Orthos Prime Handle,1.6,Akarius Prime Barrel,7.0,Larkspur Prime Stock,8.0,Revenant Prime Neuroptics Blueprint,6.5,Acceltra Prime Barrel,14.5,4.47,6.05
Neo A13 Relic,Neo,4.0,Forma Blueprint,,Lex Prime Barrel,3.5,Akarius Prime Barrel,7.0,Sevagoth Prime Blueprint,6.5,Wisp Prime Neuroptics Blueprint,6.0,Acceltra Prime Barrel,14.5,4.32,5.7
Neo A14 Relic,Neo,2.0,Cedo Prime Stock,4.0,Gauss Prime Chassis Blueprint,5.0,Bronco Prime Blueprint,3.4,Yareli Prime Blueprint,2.5,2X Forma Blueprint,,Acceltra Prime Barrel,14.5,3.71,4.02
Neo A15 Relic,Neo,4.4,Forma Blueprint,,Daikyu Prime String,3.5,Gauss Prime Blueprint,4.0,Vadarya Prime Barrel,3.0,Quassus Prime Blueprint,3.0,Acceltra Prime Barrel,14.5,2.85,3.9
Neo A16 Relic,Neo,1.0,Perigale Prime Stock,3.0,Yareli Prime Chassis Blueprint,2.5,Dual Zoren Prime Handle,2.0,Sarofang Prime Blueprint,3.5,Lavos Prime Blueprint,3.0,Athodai Prime Barrel,10.0,2.81,3.55
Neo A2 Relic,Neo,4.0,Pyrana Prime Barrel,5.5,Kronen Prime Blueprint,4.1,Limbo Prime Systems Blueprint,3.0,Zephyr Prime Chassis Blueprint,5.0,2X Forma Blueprint,,Akbolto Prime Receiver,26.5,4.27,5.75
Neo A3 Relic,Neo,3.33,Zhuge Prime Grip,5.4,Lex Prime Barrel,3.5,Mesa Prime Chassis Blueprint,5.5,Atlas Prime Systems Blueprint,7.0,Equinox Prime Neuroptics Blueprint,7.0,Akjagara Prime Barrel,26.5,5.72,7.85
Neo A4 Relic,Neo,6.17,Carrier Prime Carapace,13.5,Vauban Prime Chassis Blueprint,20.0,Forma Blueprint,,Ash Prime Neuroptics Blueprint,8.5,Vectis Prime Blueprint,8.5,Akstiletto Prime Blueprint,13.5,10.63,10.33
Neo A5 Relic,Neo,7.0,Gara Prime Systems Blueprint,6.5,Paris Prime String,1.6,Forma Blueprint,,Octavia Prime Chassis Blueprint,9.5,Karyst Prime Handle,3.7,Atlas Prime Neuroptics Blueprint,50.0,4.5,8.99
Neo A6 Relic,Neo,9.0,Nami Skyla Prime Blueprint,8.55,Burston Prime Blueprint,2.45,Forma Blueprint,,Hydroid Prime Blueprint,15.5,Ballistica Prime String,21.5,Akjagara Prime Barrel,26.5,7.39,11.88
Neo A7 Relic,Neo,15.7,Lex Prime Receiver,3.5,Forma Blueprint,,Braton Prime Barrel,3.5,Atlas Prime Chassis Blueprint,6.5,Dethcube Prime Cerebrum,30.0,Akstiletto Prime Blueprint,13.5,6.06,9.82
Neo A8 Relic,Neo,3.4,Lex Prime Receiver,3.5,Nidus Prime Systems Blueprint,6.0,Garuda Prime Blueprint,4.0,Strun Prime Stock,8.5,Baruuk Prime Chassis Blueprint,4.0,Astilla Prime Barrel,18.5,5.16,6.6
Neo A9 Relic,Neo,18.5,Pyrana Prime Barrel,5.5,Fang Prime Blueprint,1.65,Forma Blueprint,,Limbo Prime Blueprint,5.5,Lex Prime Blueprint,2.1,Akjagara Prime Barrel,26.5,3.18,5.36
Neo B1 Relic,Neo,9.17,Paris Prime String,1.6,Trinity Prime Systems Blueprint,8.5,Bronco Prime Receiver,3.4,Vectis Prime Stock,25.0,Burston Prime Barrel,4.5,Banshee Prime Chassis Blueprint,30.0,7.26,11.15
Neo B2 Relic,Neo,4.0,Tigris Prime Stock,5.5,Braton Prime Stock,1.5,Fang Prime Blueprint,1.65,Venka Prime Blueprint,4.5,2X Forma Blueprint,,Banshee Prime Chassis Blueprint,30.0,3.29,5.34
Neo B3 Relic,Neo,8.0,Boar Prime Blueprint,9.0,Forma Blueprint,,Rhino Prime Systems Blueprint,7.5,Mag Prime Chassis Blueprint,9.0,Dakra Prime Blade,15.5,Boltor Prime Blueprint,17.0,7.21,9.35
Neo B4 Relic,Neo,9.1,Hydroid Prime Chassis Blueprint,7.0,Burston Prime Stock,3.0,Forma Blueprint,,Kronen Prime Handle,8.5,Tigris Prime Barrel,5.6,Banshee Prime Systems Blueprint,19.0,4.46,6.39
Neo B5 Relic,Neo,6.4,Braton Prime Barrel,3.5,Ballistica Prime Lower Limb,9.5,Forma Blueprint,,Destreza Prime Blueprint,8.0,Oberon Prime Blueprint,8.5,Banshee Prime Systems Blueprint,19.0,5.49,7.37
Neo B6 Relic,Neo,5.33,Euphona Prime Blueprint,3.5,Mirage Prime Neuroptics Blueprint,6.0,Forma Blueprint,,Kogake Prime Blueprint,6.0,Akbolto Prime Link,3.5,Banshee Prime Chassis Blueprint,30.0,4.05,6.48
Neo B7 Relic,Neo,4.0,Tenora Prime Blueprint,4.5,Braton Prime Blueprint,2.55,Aksomati Prime Receiver,6.0,Tekko Prime Blueprint,3.75,Dethcube Prime Carapace,5.0,Baza Prime Stock,34.5,4.96,7.38
Neo B8 Relic,Neo,14.8,Vasto Prime Receiver,8.0,Frost Prime Chassis Blueprint,13.5,Forma Blueprint,,Dakra Prime Blueprint,7.25,Latron Prime Receiver,17.5,Boar Prime Stock,42.0,9.01,12.73
Neo B9 Relic,Neo,4.1,Forma Blueprint,,Velox Prime Receiver,5.45,Burston Prime Receiver,3.5,Burston Prime Barrel,4.5,Gunsen Prime Handle,7.0,Baruuk Prime Neuroptics Blueprint,10.0,3.73,4.79
Neo C1 Relic,Neo,4.67,Limbo Prime Systems Blueprint,3.0,Kronen Prime Blueprint,4.1,Mesa Prime Chassis Blueprint,5.5,Redeemer Prime Blueprint,4.35,Pyrana Prime Receiver,8.5,Chroma Prime Systems Blueprint,28.0,5.17,7.47
Neo C10 Relic,Neo,7.0,Forma Blueprint,,Caliban Prime Chassis Blueprint,3.0,Braton Prime Stock,1.5,Styanax Prime Systems Blueprint,5.5,Afentis Prime Barrel,3.5,Corufell Prime Receiver,38.0,2.89,6.35
Neo C11 Relic,Neo,7.5,Citrine Prime Chassis Blueprint,15.0,Lex Prime Receiver,3.5,Daikyu Prime Blueprint,1.5,Cedo Prime Barrel,4.5,Vadarya Prime Receiver,3.0,Caliban Prime Systems Blueprint,13.0,6.15,6.13
Neo C2 Relic,Neo,4.0,Braton Prime Stock,1.5,Forma Blueprint,,Nidus Prime Systems Blueprint,6.0,Orthos Prime Blueprint,2.5,Magnus Prime Receiver,4.5,Corvas Prime Barrel,25.0,3.17,5.15
Neo C3 Relic,Neo,1.0,Strun Prime Receiver,6.5,Corvas Prime Stock,4.8,Forma Blueprint,,Paris Prime Grip,3.0,Magnus Prime Receiver,4.5,Cobra & Crane Prime Guard,10.0,3.89,4.38
Neo C4 Relic,Neo,3.8,Gunsen Prime Blueprint,3.3,Scourge Prime Blade,4.25,Lex Prime Blueprint,2.1,Paris Prime Upper Limb,2.8,Hildryn Prime Neuroptics Blueprint,7.0,Corvas Prime Barrel,25.0,4.02,6.07
Neo C5 Relic,Neo,20.0,Garuda Prime Blueprint,4.0,Burston Prime Stock,3.0,Forma Blueprint,,Hystrix Prime Blueprint,5.35,Khora Prime Blueprint,30.0,Corvas Prime Barrel,25.0,6.16,10.74
Neo C6 Relic,Neo,0.83,Paris Prime Blueprint,3.3,Protea Prime Blueprint,2.6,Bronco Prime Barrel,2.0,Velox Prime Blueprint,3.05,2X Forma Blueprint,,Cedo Prime Blueprint,8.0,2.5,2.73
Neo C7 Relic,Neo,1.5,Forma Blueprint,,Kompressa Prime Blueprint,1.4,Braton Prime Barrel,3.5,Daikyu Prime Upper Limb,2.0,Vadarya Prime Receiver,3.0,Caliban Prime Neuroptics Blueprint,10.0,1.99,2.82
Neo C8 Relic,Neo,1.8,Quassus Prime Handle,4.0,Cedo Prime Stock,4.0,Daikyu Prime Blueprint,1.5,Afentis Prime Barrel,3.5,Venato Prime Blueprint,2.5,Caliban Prime Systems Blueprint,13.0,3.33,4.08
Neo C9 Relic,Neo,1.0,Forma Blueprint,,Alternox Prime Receiver,2.5,Paris Prime Upper Limb,2.8,Xaku Prime Chassis Blueprint,4.0,Akbronco Prime Link,2.0,Cedo Prime Blueprint,8.0,2.16,2.88
Neo D1 Relic,Neo,14.2,Mag Prime Systems Blueprint,15.5,Vasto Prime Barrel,8.5,Boar Prime Blueprint,9.0,Trinity Prime Neuroptics Blueprint,10.0,2X Forma Blueprint,,Dakra Prime Blade,15.5,9.77,9.05
Neo D10 Relic,Neo,3.0,Lex Prime Blueprint,2.1,Forma Blueprint,,Akarius Prime Barrel,7.0,Velox Prime Blueprint,3.05,Gauss Prime Blueprint,4.0,Daikyu Prime Grip,8.0,3.24,3.73
Neo D2 Relic,Neo,8.3,Nezha Prime Systems Blueprint,6.5,Braton Prime Stock,1.5,Forma Blueprint,,Titania Prime Blueprint,14.5,Equinox Prime Neuroptics Blueprint,7.0,Dethcube Prime Cerebrum,30.0,4.99,8.63
Neo D3 Relic,Neo,4.4,Paris Prime Lower Limb,2.0,Akbronco Prime Blueprint,2.0,Nezha Prime Systems Blueprint,6.5,2X Forma Blueprint,,Zakti Prime Barrel,4.5,Dethcube Prime Blueprint,20.5,3.56,4.7
Neo D4 Relic,Neo,27.8,Trinity Prime Systems Blueprint,8.5,Braton Prime Barrel,3.5,Forma Blueprint,,Dual Kamas Prime Handle,8.5,Limbo Prime Blueprint,5.5,Destreza Prime Blade,64.5,5.87,11.25
Neo D5 Relic,Neo,3.0,Strun Prime Receiver,6.5,Paris Prime Upper Limb,2.8,Volnus Prime Blueprint,4.2,Braton Prime Stock,1.5,Corvas Prime Blueprint,5.3,Dual Keres Prime Blueprint,15.5,4.48,5.16
Neo D6 Relic,Neo,7.7,Lex Prime Barrel,3.5,Forma Blueprint,,Braton Prime Blueprint,2.55,Akstiletto Prime Link,9.1,Fragor Prime Handle,11.9,Dethcube Prime Blueprint,20.5,4.25,7.26
Neo D7 Relic,Neo,8.3,Wisp Prime Systems Blueprint,6.0,Forma Blueprint,,Corvas Prime Receiver,6.7,Knell Prime Receiver,4.5,Khora Prime Chassis Blueprint,8.0,Dual Keres Prime Blueprint,15.5,4.9,6.17
Neo D8 Relic,Neo,2.4,Nagantaka Prime Barrel,7.0,Lex Prime Receiver,3.5,Tatsu Prime Blueprint,4.1,2X Forma Blueprint,,Larkspur Prime Receiver,8.5,Dual Keres Prime Blueprint,15.5,4.94,5.68
Neo D9 Relic,Neo,1.0,Lex Prime Receiver,3.5,Paris Prime String,1.6,Forma Blueprint,,Orthos Prime Blueprint,2.5,Protea Prime Neuroptics Blueprint,3.5,Dual Zoren Prime Blade,10.5,2.16,3.1
Neo E1 Relic,Neo,27.0,Frost Prime Neuroptics Blueprint,8.5,Loki Prime Neuroptics Blueprint,14.0,Wyrm Prime Blueprint,13.5,Reaper Prime Blade,9.0,2X Forma Blueprint,,Ember Prime Blueprint,26.0,10.63,10.4
Neo E2 Relic,Neo,5.6,Burston Prime Receiver,3.5,Dethcube Prime Systems,7.0,Corinth Prime Blueprint,4.7,Zakti Prime Barrel,4.5,Atlas Prime Chassis Blueprint,6.5,Equinox Prime Systems Blueprint,30.0,5.66,7.73
Neo E3 Relic,Neo,4.47,Zhuge Prime String,10.0,Burston Prime Receiver,3.5,Forma Blueprint,,Stradavar Prime Barrel,4.0,Lex Prime Blueprint,2.1,Equinox Prime Systems Blueprint,30.0,4.69,6.47
Neo E4 Relic,Neo,5.0,Forma Blueprint,,Afuris Prime Barrel,4.5,Paris Prime Lower Limb,2.0,Gauss Prime Neuroptics Blueprint,8.0,Fang Prime Handle,1.5,Epitaph Prime Receiver,10.0,2.89,3.98
Neo F1 Relic,Neo,22.5,Sicarus Prime Barrel,8.45,Ember Prime Chassis Blueprint,8.5,Sicarus Prime Blueprint,8.85,Bo Prime Handle,15.0,2X Forma Blueprint,,Frost Prime Blueprint,39.0,8.97,11.2
Neo F2 Relic,Neo,4.3,Forma Blueprint,,Braton Prime Barrel,3.5,Shade Prime Cerebrum,7.0,Cobra & Crane Prime Blade,4.0,Nagantaka Prime Receiver,4.5,Fulmin Prime Receiver,23.0,4.05,5.75
Neo F3 Relic,Neo,1.33,Khora Prime Systems Blueprint,7.0,Fang Prime Blade,3.5,Phantasma Prime Receiver,5.0,Acceltra Prime Receiver,4.0,Larkspur Prime Receiver,8.5,Fulmin Prime Receiver,23.0,5.76,7.38
Neo G1 Relic,Neo,5.0,Mirage Prime Neuroptics Blueprint,6.0,Forma Blueprint,,Kogake Prime Boot,6.5,Paris Prime Grip,3.0,Hydroid Prime Neuroptics Blueprint,11.5,Gram Prime Handle,18.5,5.13,6.83
Neo G10 Relic,Neo,9.0,Masseter Prime Handle,3.15,Paris Prime Blueprint,3.3,Forma Blueprint,,Gauss Prime Blueprint,4.0,Akarius Prime Receiver,28.5,Grendel Prime Blueprint,14.0,5.49,8.98
Neo G2 Relic,Neo,8.1,Forma Blueprint,,Dethcube Prime Systems,7.0,Redeemer Prime Blade,5.1,Pyrana Prime Receiver,8.5,Zhuge Prime Blueprint,5.35,Gram Prime Handle,18.5,4.96,6.64
Neo G3 Relic,Neo,5.17,Burston Prime Receiver,3.5,Forma Blueprint,,Fang Prime Blade,3.5,Sybaris Prime Receiver,8.0,Silva & Aegis Prime Blueprint,8.8,Galatine Prime Blueprint,36.0,4.34,8.13
Neo G4 Relic,Neo,4.67,Hystrix Prime Barrel,6.0,Fang Prime Blade,3.5,Pandero Prime Blueprint,4.8,Paris Prime Grip,3.0,Magnus Prime Receiver,4.5,Gara Prime Blueprint,24.5,4.94,6.33
Neo G5 Relic,Neo,6.8,Nekros Prime Chassis Blueprint,8.5,Burston Prime Stock,3.0,Forma Blueprint,,Harrow Prime Blueprint,6.0,Fang Prime Blueprint,1.65,Galatine Prime Blueprint,36.0,4.47,7.05
Neo G6 Relic,Neo,6.4,Sicarus Prime Barrel,8.45,Rhino Prime Systems Blueprint,7.5,Forma Blueprint,,Boltor Prime Receiver,8.0,Ankyros Prime Blade,8.5,Glaive Prime Blueprint,17.15,6.2,7.67
Neo G7 Relic,Neo,3.8,Nautilus Prime Carapace,6.0,Afuris Prime Blueprint,2.65,Fulmin Prime Barrel,6.5,Cobra & Crane Prime Blade,4.0,Hildryn Prime Chassis Blueprint,15.0,Grendel Prime Blueprint,14.0,6.21,7.73
Neo G8 Relic,Neo,5.0,Fulmin Prime Barrel,6.5,Forma Blueprint,,Bronco Prime Blueprint,3.4,Xaku Prime Chassis Blueprint,4.0,Okina Prime Handle,6.0,Gauss Prime Systems Blueprint,28.0,4.17,6.45
Neo G9 Relic,Neo,1.84,Kompressa Prime Blueprint,1.4,Bronco Prime Receiver,3.4,Gauss Prime Blueprint,4.0,Bronco Prime Barrel,2.0,Masseter Prime Blueprint,2.75,Gauss Prime Systems Blueprint,28.0,3.31,5.22
Neo H1 Relic,Neo,5.0,Orthos Prime Handle,1.6,Fragor Prime Head,6.75,Burston Prime Receiver,3.5,Banshee Prime Blueprint,8.0,Tigris Prime Barrel,5.6,Hydroid Prime Systems Blueprint,36.5,5.23,8.35
Neo H2 Relic,Neo,8.0,Euphona Prime Blueprint,3.5,Burston Prime Stock,3.0,Fang Prime Blueprint,1.65,Rubico Prime Barrel,7.5,Ballistica Prime Receiver,6.5,Hydroid Prime Systems Blueprint,36.5,4.33,7.81
Neo H3 Relic,Neo,8.33,Ballistica Prime Lower Limb,9.5,Fang Prime Handle,1.5,Forma Blueprint,,Mesa Prime Systems Blueprint,15.0,Nami Skyla Prime Handle,7.0,Hydroid Prime Systems Blueprint,36.5,5.94,9.88
Neo H4 Relic,Neo,11.6,Larkspur Prime Blueprint,5.0,Fang Prime Blueprint,1.65,Forma Blueprint,,Fulmin Prime Blueprint,6.0,Wisp Prime Chassis Blueprint,16.0,Hildryn Prime Blueprint,35.0,4.8,9.01
Neo H5 Relic,Neo,,Burston Prime Stock,3.0,Nami Skyla Prime Handle,7.0,Forma Blueprint,,Sevagoth Prime Chassis Blueprint,27.0,Nautilus Prime Systems,3.5,Hydroid Prime Systems Blueprint,36.5,6.62,11.42
Neo I1 Relic,Neo,6.8,Zhuge Prime String,10.0,Fang Prime Blade,3.5,Wukong Prime Neuroptics Blueprint,8.5,Akjagara Prime Receiver,10.0,Limbo Prime Blueprint,5.5,Ivara Prime Chassis Blueprint,27.0,7.82,9.47
Neo I2 Relic,Neo,5.0,Burston Prime Receiver,3.5,Dethcube Prime Systems,7.0,Forma Blueprint,,Stradavar Prime Barrel,4.0,Wukong Prime Systems Blueprint,14.0,Ivara Prime Chassis Blueprint,27.0,5.18,8.05
Neo I3 Relic,Neo,,Silva & Aegis Prime Hilt,5.5,Forma Blueprint,,Aksomati Prime Blueprint,4.65,Sybaris Prime Receiver,8.0,Baza Prime Barrel,6.0,Ivara Prime Chassis Blueprint,27.0,4.65,7.19
Neo K1 Relic,Neo,5.0,Valkyr Prime Blueprint,7.0,Silva & Aegis Prime Hilt,5.5,Euphona Prime Blueprint,3.5,Zephyr Prime Chassis Blueprint,5.0,Helios Prime Blueprint,7.0,Kogake Prime Gauntlet,16.0,5.69,6.67
Neo K10 Relic,Neo,5.0,Bronco Prime Blueprint,3.4,Forma Blueprint,,Gyre Prime Systems Blueprint,3.5,Venato Prime Blueprint,2.5,Daikyu Prime Lower Limb,2.0,Kompressa Prime Barrel,7.0,2.38,2.75
Neo K2 Relic,Neo,10.0,Chroma Prime Blueprint,9.0,Braton Prime Barrel,3.5,Banshee Prime Neuroptics Blueprint,5.5,Mirage Prime Systems Blueprint,14.0,Akbolto Prime Link,3.5,Kogake Prime Gauntlet,16.0,6.8,8.1
Neo K3 Relic,Neo,6.34,Rubico Prime Receiver,3.5,Forma Blueprint,,Burston Prime Blueprint,2.45,Tiberon Prime Barrel,12.0,Braton Prime Receiver,3.5,Kronen Prime Blade,34.0,3.89,7.49
Neo K4 Relic,Neo,3.0,Inaros Prime Systems Blueprint,8.0,Panthera Prime Blueprint,5.5,Forma Blueprint,,Paris Prime Grip,3.0,Braton Prime Stock,1.5,Knell Prime Barrel,34.5,4.6,6.6
Neo K5 Relic,Neo,5.5,Fang Prime Blade,3.5,Revenant Prime Chassis Blueprint,7.0,Forma Blueprint,,Scourge Prime Handle,5.6,Afuris Prime Link,4.1,Khora Prime Neuroptics Blueprint,28.5,4.3,6.54
Neo K6 Relic,Neo,5.0,Bronco Prime Receiver,3.4,Fang Prime Handle,1.5,Cobra & Crane Prime Hilt,6.5,Wisp Prime Neuroptics Blueprint,6.0,Hystrix Prime Blueprint,5.35,Khora Prime Blueprint,30.0,4.74,7.17
Neo K7 Relic,Neo,5.13,Forma Blueprint,,Burston Prime Receiver,3.5,Fulmin Prime Barrel,6.5,Gunsen Prime Handle,7.0,Baruuk Prime Chassis Blueprint,4.0,Khora Prime Neuroptics Blueprint,28.5,4.31,6.72
Neo K8 Relic,Neo,11.0,Corvas Prime Stock,4.8,Dual Keres Prime Blade,8.5,Forma Blueprint,,Garuda Prime Systems Blueprint,35.0,Burston Prime Barrel,4.5,Khora Prime Neuroptics Blueprint,28.5,8.28,12.97
Neo K9 Relic,Neo,0.97,Sevagoth Prime Neuroptics Blueprint,2.5,Burston Prime Blueprint,2.45,Lex Prime Receiver,3.5,Xaku Prime Chassis Blueprint,4.0,2X Forma Blueprint,,Kestrel Prime Grip,8.0,2.74,3.01
Neo L1 Relic,Neo,5.0,Mirage Prime Chassis Blueprint,6.0,Euphona Prime Blueprint,3.5,Kronen Prime Blueprint,4.1,Silva & Aegis Prime Blade,7.5,Ballistica Prime Receiver,6.5,Limbo Prime Chassis Blueprint,48.5,5.95,9.92
Neo L2 Relic,Neo,6.0,Khora Prime Systems Blueprint,7.0,Forma Blueprint,,Strun Prime Receiver,6.5,Akbronco Prime Link,2.0,Corvas Prime Blueprint,5.3,Larkspur Prime Barrel,40.0,5.02,7.71
Neo L3 Relic,Neo,5.2,Forma Blueprint,,Lex Prime Receiver,3.5,Tatsu Prime Blueprint,4.1,Orthos Prime Blueprint,2.5,Harrow Prime Blueprint,6.0,Larkspur Prime Barrel,40.0,3.66,6.97
Neo L4 Relic,Neo,5.0,Burston Prime Blueprint,2.45,Velox Prime Receiver,5.45,Forma Blueprint,,Fang Prime Handle,1.5,Acceltra Prime Receiver,4.0,Larkspur Prime Barrel,40.0,3.41,6.42
Neo M1 Relic,Neo,5.0,Paris Prime String,1.6,Akbolto Prime Blueprint,2.5,Bronco Prime Blueprint,3.4,Helios Prime Blueprint,7.0,Euphona Prime Barrel,4.5,Mirage Prime Blueprint,25.0,3.66,6.05
Neo M2 Relic,Neo,4.0,Akbronco Prime Blueprint,2.0,Burston Prime Stock,3.0,Forma Blueprint,,Limbo Prime Blueprint,5.5,Bronco Prime Barrel,2.0,Mesa Prime Systems Blueprint,15.0,2.39,3.83
Neo M3 Relic,Neo,7.5,Titania Prime Chassis Blueprint,9.0,Bronco Prime Receiver,3.4,Ivara Prime Neuroptics Blueprint,5.0,Atlas Prime Chassis Blueprint,6.5,2X Forma Blueprint,,Mesa Prime Systems Blueprint,15.0,5.42,5.7
Neo M4 Relic,Neo,2.0,Orthos Prime Handle,1.6,Scourge Prime Blade,4.25,Strun Prime Receiver,6.5,Nagantaka Prime Receiver,4.5,2X Forma Blueprint,,Magnus Prime Barrel,23.5,4.09,5.31
Neo M5 Relic,Neo,2.6,Grendel Prime Neuroptics Blueprint,5.5,Burston Prime Receiver,3.5,Afuris Prime Blueprint,2.65,2X Forma Blueprint,,Gauss Prime Blueprint,4.0,Masseter Prime Blade,11.5,3.62,3.89
Neo M6 Relic,Neo,7.6,Akarius Prime Barrel,7.0,Bronco Prime Receiver,3.4,Forma Blueprint,,Acceltra Prime Receiver,4.0,Grendel Prime Systems Blueprint,31.5,Masseter Prime Blade,11.5,6.77,9.98
Neo N1 Relic,Neo,8.0,Hikou Prime Stars,8.0,Vectis Prime Barrel,20.0,Forma Blueprint,,Soma Prime Receiver,9.0,Kavasa Prime Kubrow Collar Blueprint,6.2,Nyx Prime Chassis Blueprint,8.0,8.92,8.51
Neo N10 Relic,Neo,3.58,Forma Blueprint,,Redeemer Prime Blade,5.1,Zephyr Prime Neuroptics Blueprint,4.0,Ballistica Prime Upper Limb,12.5,Tipedo Prime Ornament,10.0,Nami Skyla Prime Blade,30.0,5.38,9.02
Neo N11 Relic,Neo,11.0,Tigris Prime Stock,5.5,Braton Prime Barrel,3.5,Sybaris Prime Blueprint,6.0,Oberon Prime Systems Blueprint,17.0,2X Forma Blueprint,,Nekros Prime Systems Blueprint,30.0,6.27,8.9
Neo N12 Relic,Neo,3.9,Trinity Prime Systems Blueprint,8.5,Soma Prime Blueprint,5.95,Vasto Prime Receiver,8.0,Dual Kamas Prime Handle,8.5,Kavasa Prime Band,6.1,Nova Prime Chassis Blueprint,28.5,7.86,9.51
Neo N13 Relic,Neo,5.6,Inaros Prime Systems Blueprint,8.0,Aksomati Prime Blueprint,4.65,Pangolin Prime Handle,6.5,2X Forma Blueprint,,Wukong Prime Chassis Blueprint,10.5,Nezha Prime Chassis Blueprint,30.0,6.61,8.29
Neo N14 Relic,Neo,5.75,Titania Prime Chassis Blueprint,9.0,Forma Blueprint,,Bronco Prime Receiver,3.4,Braton Prime Receiver,3.5,Zhuge Prime Receiver,6.0,Ninkondi Prime Handle,19.0,4.57,5.87
Neo N15 Relic,Neo,4.1,Paris Prime Blueprint,3.3,Akbronco Prime Blueprint,2.0,Forma Blueprint,,Atlas Prime Systems Blueprint,7.0,Baza Prime Barrel,6.0,Nezha Prime Neuroptics Blueprint,23.5,3.24,5.83
Neo N16 Relic,Neo,5.75,Burston Prime Stock,3.0,Nezha Prime Systems Blueprint,6.5,Forma Blueprint,,Orthos Prime Blade,4.0,Pandero Prime Barrel,4.6,Nidus Prime Neuroptics Blueprint,38.0,4.11,7.1
Neo N17 Relic,Neo,4.73,Paris Prime Upper Limb,2.8,Pangolin Prime Handle,6.5,Burston Prime Receiver,3.5,Strun Prime Stock,8.5,2X Forma Blueprint,,Nezha Prime Chassis Blueprint,30.0,4.78,6.83
Neo N18 Relic,Neo,5.5,Corinth Prime Blueprint,4.7,Scourge Prime Blade,4.25,Magnus Prime Blueprint,7.0,2X Forma Blueprint,,Gara Prime Neuroptics Blueprint,6.0,Nidus Prime Chassis Blueprint,30.0,5.3,6.86
Neo N19 Relic,Neo,13.33,Nidus Prime Systems Blueprint,6.0,Braton Prime Receiver,3.5,Forma Blueprint,,Magnus Prime Receiver,4.5,Paris Prime Upper Limb,2.8,Nikana Prime Hilt,37.5,3.96,6.79
Neo N2 Relic,Neo,10.0,Lex Prime Blueprint,2.1,Fang Prime Blueprint,1.65,Vasto Prime Barrel,8.5,2X Forma Blueprint,,Nova Prime Blueprint,11.0,Vauban Prime Systems Blueprint,39.5,5.1,8.19
Neo N20 Relic,Neo,4.0,Garuda Prime Blueprint,4.0,Fang Prime Blade,3.5,Tenora Prime Blueprint,4.5,Pandero Prime Barrel,4.6,Karyst Prime Handle,3.7,Nezha Prime Neuroptics Blueprint,23.5,4.42,6.01
Neo N21 Relic,Neo,3.1,Paris Prime String,1.6,Gara Prime Systems Blueprint,6.5,Forma Blueprint,,Khora Prime Chassis Blueprint,8.0,Harrow Prime Blueprint,6.0,Nagantaka Prime Blueprint,13.5,3.86,5.5
Neo N22 Relic,Neo,3.0,Shade Prime Cerebrum,7.0,Dual Keres Prime Blade,8.5,Paris Prime Blueprint,3.3,Garuda Prime Chassis Blueprint,7.0,Magnus Prime Receiver,4.5,Nagantaka Prime Blueprint,13.5,6.3,6.78
Neo N23 Relic,Neo,5.0,Fang Prime Blade,3.5,Revenant Prime Chassis Blueprint,7.0,Burston Prime Blueprint,2.45,Paris Prime Grip,3.0,Baruuk Prime Chassis Blueprint,4.0,Nagantaka Prime Blueprint,13.5,4.32,4.91
Neo N24 Relic,Neo,1.0,Daikyu Prime Blueprint,1.5,Bronco Prime Receiver,3.4,Venato Prime Handle,2.5,Kestrel Prime Blueprint,2.75,Lavos Prime Neuroptics Blueprint,5.0,Nautilus Prime Blueprint,11.0,2.95,3.88
Neo N25 Relic,Neo,,Epitaph Prime Blueprint,5.5,Ballistica Prime String,21.5,Forma Blueprint,,Nami Skyla Prime Blueprint,8.55,Burston Prime Barrel,4.5,Nautilus Prime Cerebrum,24.0,8.75,9.51
Neo N3 Relic,Neo,14.95,Lex Prime Barrel,3.5,Odonata Prime Systems Blueprint,8.5,Paris Prime String,1.6,Fang Prime Handle,1.5,Ash Prime Neuroptics Blueprint,8.5,Nekros Prime Systems Blueprint,30.0,5.14,7.27
Neo N4 Relic,Neo,5.2,Paris Prime String,1.6,Ash Prime Chassis Blueprint,12.5,Braton Prime Stock,1.5,2X Forma Blueprint,,Venka Prime Blueprint,4.5,Nikana Prime Blade,14.5,4.74,4.95
Neo N5 Relic,Neo,20.6,Saryn Prime Systems Blueprint,6.5,Forma Blueprint,,Helios Prime Carapace,4.0,Ash Prime Systems Blueprint,18.0,Akstiletto Prime Link,9.1,Nikana Prime Blueprint,7.5,5.79,7.92
Neo N6 Relic,Neo,7.6,Bronco Prime Receiver,3.4,Galatine Prime Blade,6.4,Cernos Prime Upper Limb,7.5,Sybaris Prime Receiver,8.0,Trinity Prime Blueprint,13.0,Nikana Prime Hilt,37.5,7.44,10.83
Neo N7 Relic,Neo,8.2,Trinity Prime Neuroptics Blueprint,10.0,Euphona Prime Blueprint,3.5,Venka Prime Blades,6.5,Banshee Prime Blueprint,8.0,Valkyr Prime Neuroptics Blueprint,10.0,Nekros Prime Systems Blueprint,30.0,7.65,9.93
Neo N8 Relic,Neo,6.0,Paris Prime String,1.6,Hydroid Prime Chassis Blueprint,7.0,Sybaris Prime Blueprint,6.0,Akbolto Prime Link,3.5,2X Forma Blueprint,,Nami Skyla Prime Blade,30.0,4.68,6.13
Neo N9 Relic,Neo,10.0,Mag Prime Neuroptics Blueprint,9.5,Boar Prime Blueprint,9.0,Dakra Prime Handle,8.5,Soma Prime Receiver,9.0,2X Forma Blueprint,,Nova Prime Chassis Blueprint,28.5,8.4,9.15
Neo O1 Relic,Neo,8.6,Volt Prime Blueprint,14.0,Forma Blueprint,,Odonata Prime Harness Blueprint,9.5,Aklex Prime Blueprint,8.5,Volt Prime Systems Blueprint,8.5,Odonata Prime Wings Blueprint,24.5,8.31,9.77
Neo O2 Relic,Neo,4.0,Phantasma Prime Receiver,5.0,Gauss Prime Chassis Blueprint,5.0,Zylok Prime Barrel,5.0,Fulmin Prime Blueprint,6.0,Acceltra Prime Receiver,4.0,Okina Prime Blueprint,15.0,5.2,6.0
Neo O3 Relic,Neo,3.2,Paris Prime Upper Limb,2.8,Lex Prime Barrel,3.5,Forma Blueprint,,Akbronco Prime Link,2.0,Xaku Prime Systems Blueprint,3.0,Okina Prime Blueprint,15.0,2.45,3.55
Neo O4 Relic,Neo,,Ivara Prime Neuroptics Blueprint,5.0,Protea Prime Blueprint,2.6,Forma Blueprint,,Baza Prime Barrel,6.0,Braton Prime Blueprint,2.55,Okina Prime Blueprint,15.0,3.17,4.48
Neo P1 Relic,Neo,3.0,Ninkondi Prime Blueprint,4.2,Paris Prime Lower Limb,2.0,Redeemer Prime Blade,5.1,Akjagara Prime Receiver,10.0,Rubico Prime Stock,7.0,Pangolin Prime Blueprint,10.3,4.94,6.31
Neo P10 Relic,Neo,3.0,Nautilus Prime Carapace,6.0,Forma Blueprint,,Burston Prime Blueprint,2.45,Trumna Prime Stock,3.5,Cedo Prime Receiver,3.0,Perigale Prime Barrel,18.5,3.23,4.56
Neo P11 Relic,Neo,,Okina Prime Blade,7.0,Burston Prime Receiver,3.5,Forma Blueprint,,Aksomati Prime Barrel,11.5,Braton Prime Receiver,3.5,Protea Prime Chassis Blueprint,13.5,4.58,6.1
Neo P2 Relic,Neo,4.25,Aksomati Prime Receiver,6.0,Braton Prime Stock,1.5,Guandao Prime Blade,8.0,2X Forma Blueprint,,Titania Prime Blueprint,14.5,Pandero Prime Receiver,28.5,6.09,8.33
Neo P3 Relic,Neo,6.0,Lex Prime Blueprint,2.1,Panthera Prime Blueprint,5.5,Orthos Prime Handle,1.6,Astilla Prime Stock,6.5,Inaros Prime Chassis Blueprint,5.0,Pangolin Prime Blueprint,10.3,3.8,4.86
Neo P4 Relic,Neo,3.0,Karyst Prime Blueprint,6.6,Zakti Prime Receiver,5.8,Paris Prime Upper Limb,2.8,2X Forma Blueprint,,Braton Prime Receiver,3.5,Pandero Prime Receiver,28.5,4.81,6.08
Neo P5 Relic,Neo,5.2,Volnus Prime Blueprint,4.2,Burston Prime Stock,3.0,Forma Blueprint,,Gara Prime Chassis Blueprint,14.0,Burston Prime Barrel,4.5,Pangolin Prime Blueprint,10.3,4.06,5.93
Neo P6 Relic,Neo,3.5,Akbronco Prime Blueprint,2.0,Forma Blueprint,,Gunsen Prime Blueprint,3.3,Protea Prime Neuroptics Blueprint,3.5,Masseter Prime Blueprint,2.75,Phantasma Prime Stock,13.5,2.3,3.48
Neo P7 Relic,Neo,4.2,Forma Blueprint,,Paris Prime Upper Limb,2.8,Gauss Prime Chassis Blueprint,5.0,Larkspur Prime Stock,8.0,Hildryn Prime Neuroptics Blueprint,7.0,Protea Prime Chassis Blueprint,13.5,3.9,5.65
Neo P8 Relic,Neo,3.94,Baruuk Prime Systems Blueprint,7.0,Orthos Prime Handle,1.6,Forma Blueprint,,Revenant Prime Systems Blueprint,7.0,Afuris Prime Link,4.1,Phantasma Prime Barrel,18.5,3.77,5.5
Neo P9 Relic,Neo,1.0,Alternox Prime Receiver,2.5,Paris Prime String,1.6,Fang Prime Blueprint,1.65,Orthos Prime Blade,4.0,Epitaph Prime Barrel,3.5,Protea Prime Systems Blueprint,12.0,2.52,3.66
Neo Q1 Relic,Neo,7.93,Burston Prime Receiver,3.5,Grendel Prime Neuroptics Blueprint,5.5,Lex Prime Barrel,3.5,Hildryn Prime Chassis Blueprint,15.0,Orthos Prime Blueprint,2.5,Quassus Prime Blade,9.0,5.27,6.48
Neo R1 Relic,Neo,4.8,Hikou Prime Blueprint,4.25,Ankyros Prime Gauntlet,12.0,Forma Blueprint,,Boltor Prime Receiver,8.0,Nyx Prime Chassis Blueprint,8.0,Rhino Prime Blueprint,22.0,6.32,8.11
Neo R2 Relic,Neo,5.4,Ninkondi Prime Blueprint,4.2,Braton Prime Stock,1.5,Forma Blueprint,,Paris Prime Grip,3.0,Tiberon Prime Blueprint,5.65,Rubico Prime Blueprint,21.0,2.82,4.78
Neo R3 Relic,Neo,4.0,Baza Prime Receiver,7.0,Limbo Prime Systems Blueprint,3.0,Burston Prime Blueprint,2.45,Paris Prime Grip,3.0,Ninkondi Prime Chain,4.4,Redeemer Prime Handle,37.5,4.72,7.31
Neo R4 Relic,Neo,4.4,Aksomati Prime Blueprint,4.65,Braton Prime Stock,1.5,Mesa Prime Chassis Blueprint,5.5,Corinth Prime Receiver,4.55,Ninkondi Prime Chain,4.4,Redeemer Prime Handle,37.5,4.69,7.48
Neo R5 Relic,Neo,15.5,Limbo Prime Systems Blueprint,3.0,Vasto Prime Receiver,8.0,Forma Blueprint,,Akjagara Prime Link,6.5,Fang Prime Handle,1.5,Redeemer Prime Handle,37.5,4.42,7.18
Neo S1 Relic,Neo,10.0,Carrier Prime Carapace,13.5,Lex Prime Barrel,3.5,Soma Prime Blueprint,5.95,Trinity Prime Chassis Blueprint,11.5,2X Forma Blueprint,,Saryn Prime Blueprint,16.0,7.4,7.73
Neo S10 Relic,Neo,18.0,Saryn Prime Systems Blueprint,6.5,Braton Prime Stock,1.5,Lex Prime Blueprint,2.1,Nikana Prime Blade,14.5,Spira Prime Blade,17.35,Saryn Prime Chassis Blueprint,39.0,6.84,11.95
Neo S11 Relic,Neo,6.0,Fang Prime Blade,3.5,Bronco Prime Receiver,3.4,Hydroid Prime Chassis Blueprint,7.0,Kronen Prime Handle,8.5,2X Forma Blueprint,,Stradavar Prime Blueprint,12.5,4.71,5.27
Neo S12 Relic,Neo,5.4,Fang Prime Blade,3.5,Redeemer Prime Blade,5.1,Paris Prime Upper Limb,2.8,Wukong Prime Chassis Blueprint,10.5,Mirage Prime Systems Blueprint,14.0,Stradavar Prime Blueprint,12.5,5.83,8.05
Neo S13 Relic,Neo,10.0,Saryn Prime Systems Blueprint,6.5,Spira Prime Blueprint,4.45,Nikana Prime Blueprint,7.5,Cernos Prime Blueprint,4.85,2X Forma Blueprint,,Saryn Prime Chassis Blueprint,39.0,5.99,7.95
Neo S14 Relic,Neo,2.8,Karyst Prime Blueprint,6.6,Ninkondi Prime Blueprint,4.2,Forma Blueprint,,Fang Prime Handle,1.5,Pangolin Prime Blade,6.5,Stradavar Prime Blueprint,12.5,3.87,4.65
Neo S15 Relic,Neo,4.7,Forma Blueprint,,Octavia Prime Neuroptics Blueprint,4.0,Astilla Prime Receiver,7.0,Garuda Prime Chassis Blueprint,7.0,Bronco Prime Barrel,2.0,Scourge Prime Barrel,34.5,4.47,7.08
Neo S16 Relic,Neo,9.1,Braton Prime Stock,1.5,Forma Blueprint,,Lex Prime Receiver,3.5,Oberon Prime Blueprint,8.5,Aksomati Prime Barrel,11.5,Silva & Aegis Prime Guard,20.5,3.88,6.88
Neo S17 Relic,Neo,4.95,Revenant Prime Chassis Blueprint,7.0,Forma Blueprint,,Paris Prime Lower Limb,2.0,Hildryn Prime Neuroptics Blueprint,7.0,Baruuk Prime Chassis Blueprint,4.0,Strun Prime Blueprint,25.0,3.99,6.2
Neo S18 Relic,Neo,3.17,Forma Blueprint,,Tatsu Prime Blueprint,4.1,Hildryn Prime Systems Blueprint,3.5,Grendel Prime Chassis Blueprint,5.0,Cobra & Crane Prime Blueprint,3.8,Shade Prime Carapace,30.0,3.49,6.03
Neo S19 Relic,Neo,17.0,Strun Prime Receiver,6.5,Paris Prime Blueprint,3.3,Forma Blueprint,,Saryn Prime Neuroptics Blueprint,8.5,Nidus Prime Neuroptics Blueprint,38.0,Strun Prime Blueprint,25.0,8.1,13.43
Neo S2 Relic,Neo,13.9,Burston Prime Stock,3.0,Paris Prime Lower Limb,2.0,Nova Prime Systems Blueprint,13.5,Nyx Prime Systems Blueprint,7.0,Paris Prime Upper Limb,2.8,Saryn Prime Chassis Blueprint,39.0,6.54,8.94
Neo S20 Relic,Neo,4.17,Sarofang Prime Handle,3.5,Fang Prime Blade,3.5,Kompressa Prime Blueprint,1.4,2X Forma Blueprint,,Vadarya Prime Receiver,3.0,Sevagoth Prime Chassis Blueprint,27.0,3.0,4.7
Neo S3 Relic,Neo,12.6,Soma Prime Barrel,9.5,Carrier Prime Blueprint,11.0,Burston Prime Receiver,3.5,2X Forma Blueprint,,Vasto Prime Blueprint,5.0,Spira Prime Blade,17.35,6.98,6.74
Neo S5 Relic,Neo,13.8,Latron Prime Receiver,17.5,Ember Prime Neuroptics Blueprint,9.0,Reaper Prime Blueprint,9.25,Glaive Prime Disc,8.5,Frost Prime Systems Blueprint,13.0,Sicarus Prime Receiver,36.9,12.16,13.95
Neo S6 Relic,Neo,8.5,Burston Prime Blueprint,2.45,Forma Blueprint,,Trinity Prime Neuroptics Blueprint,10.0,Tigris Prime Receiver,8.5,Kavasa Prime Buckle,15.9,Silva & Aegis Prime Guard,20.5,6.25,9.01
Neo S7 Relic,Neo,2.2,Banshee Prime Neuroptics Blueprint,5.5,Fang Prime Blade,3.5,Helios Prime Carapace,4.0,Sybaris Prime Receiver,8.0,Ballistica Prime Receiver,6.5,Silva & Aegis Prime Guard,20.5,5.3,7.12
Neo S8 Relic,Neo,8.0,Forma Blueprint,,Bronco Prime Receiver,3.4,Hydroid Prime Chassis Blueprint,7.0,Nikana Prime Blueprint,7.5,Fragor Prime Blueprint,12.0,Spira Prime Pouch,34.0,5.46,9.03
Neo S9 Relic,Neo,2.0,Akjagara Prime Blueprint,3.75,Bronco Prime Blueprint,3.4,Mirage Prime Neuroptics Blueprint,6.0,Destreza Prime Blueprint,8.0,2X Forma Blueprint,,Silva & Aegis Prime Guard,20.5,4.62,5.84
Neo T1 Relic,Neo,8.5,Forma Blueprint,,Dual Kamas Prime Blueprint,5.35,Burston Prime Blueprint,2.45,Banshee Prime Blueprint,8.0,Fragor Prime Handle,11.9,Tigris Prime Blueprint,24.9,4.66,7.77
Neo T10 Relic,Neo,2.2,Lex Prime Blueprint,2.1,Forma Blueprint,,Dual Zoren Prime Handle,2.0,Gyre Prime Blueprint,3.5,Nautilus Prime Systems,3.5,Trumna Prime Receiver,10.0,2.01,3.08
Neo T11 Relic,Neo,1.0,Forma Blueprint,,Braton Prime Barrel,3.5,Perigale Prime Stock,3.0,Kestrel Prime Blueprint,2.75,Yareli Prime Blueprint,2.5,Trumna Prime Receiver,10.0,2.42,3.13
Neo T2 Relic,Neo,3.4,Akbronco Prime Blueprint,2.0,Wukong Prime Neuroptics Blueprint,8.5,Fang Prime Blueprint,1.65,Dethcube Prime Carapace,5.0,2X Forma Blueprint,,Tekko Prime Blade,22.0,4.07,5.23
Neo T3 Relic,Neo,6.0,Redeemer Prime Blade,5.1,Braton Prime Blueprint,2.55,Forma Blueprint,,Inaros Prime Chassis Blueprint,5.0,Atlas Prime Chassis Blueprint,6.5,Titania Prime Systems Blueprint,28.5,3.77,6.43
Neo T4 Relic,Neo,3.0,Braton Prime Stock,1.5,Ivara Prime Neuroptics Blueprint,5.0,Forma Blueprint,,Astilla Prime Blueprint,3.85,Guandao Prime Blueprint,4.9,Tenora Prime Receiver,22.0,3.05,5.03
Neo T5 Relic,Neo,2.0,Aksomati Prime Receiver,6.0,Inaros Prime Systems Blueprint,8.0,Braton Prime Barrel,3.5,Magnus Prime Receiver,4.5,Corinth Prime Receiver,4.55,Tenora Prime Barrel,15.5,5.74,6.28
Neo T6 Relic,Neo,4.4,Astilla Prime Receiver,7.0,Forma Blueprint,,Burston Prime Stock,3.0,Scourge Prime Handle,5.6,Tatsu Prime Blade,4.5,Tenora Prime Barrel,15.5,3.95,5.24
Neo T7 Relic,Neo,4.1,Afuris Prime Blueprint,2.65,Orthos Prime Handle,1.6,Harrow Prime Chassis Blueprint,11.0,Gunsen Prime Handle,7.0,2X Forma Blueprint,,Tatsu Prime Handle,15.0,4.93,5.44
Neo T8 Relic,Neo,8.0,Octavia Prime Systems Blueprint,7.5,Vasto Prime Receiver,8.0,Forma Blueprint,,Pandero Prime Barrel,4.6,Nezha Prime Neuroptics Blueprint,23.5,Tenora Prime Receiver,22.0,7.46,10.4
Neo T9 Relic,Neo,5.0,Forma Blueprint,,Sevagoth Prime Neuroptics Blueprint,2.5,Braton Prime Barrel,3.5,Gauss Prime Blueprint,4.0,Cedo Prime Barrel,4.5,Trumna Prime Receiver,10.0,2.65,3.7
Neo V1 Relic,Neo,17.4,Nyx Prime Blueprint,8.5,Forma Blueprint,,Dual Kamas Prime Blueprint,5.35,Bronco Prime Barrel,2.0,Volt Prime Blueprint,14.0,Nova Prime Chassis Blueprint,28.5,5.84,8.36
Neo V10 Relic,Neo,2.3,Braton Prime Receiver,3.5,Guandao Prime Blade,8.0,Forma Blueprint,,Akbronco Prime Link,2.0,Inaros Prime Chassis Blueprint,5.0,Volnus Prime Handle,19.5,4.07,5.27
Neo V11 Relic,Neo,2.4,Paris Prime Blueprint,3.3,Akbronco Prime Blueprint,2.0,Yareli Prime Chassis Blueprint,2.5,Epitaph Prime Barrel,3.5,Xaku Prime Chassis Blueprint,4.0,Voruna Prime Systems Blueprint,7.5,2.95,3.55
Neo V12 Relic,Neo,1.0,Akbronco Prime Blueprint,2.0,Paris Prime Blueprint,3.3,Yareli Prime Chassis Blueprint,2.5,Xaku Prime Chassis Blueprint,4.0,Quassus Prime Blueprint,3.0,Voruna Prime Systems Blueprint,7.5,2.9,3.45
Neo V13 Relic,Neo,,Paris Prime String,1.6,Sarofang Prime Handle,3.5,Styanax Prime Blueprint,8.5,Lavos Prime Neuroptics Blueprint,5.0,2X Forma Blueprint,,Vadarya Prime Blueprint,7.0,4.13,3.97
Neo V2 Relic,Neo,5.9,Fang Prime Handle,1.5,Braton Prime Stock,1.5,Galatine Prime Blade,6.4,Galatine Prime Handle,5.5,2X Forma Blueprint,,Vauban Prime Blueprint,15.0,3.29,4.17
Neo V3 Relic,Neo,10.0,Galatine Prime Blade,6.4,Paris Prime String,1.6,Carrier Prime Systems,7.0,Tigris Prime Receiver,8.5,2X Forma Blueprint,,Vauban Prime Neuroptics Blueprint,31.5,5.36,7.35
Neo V4 Relic,Neo,4.0,Cernos Prime Grip,7.0,Tigris Prime Stock,5.5,Bronco Prime Receiver,3.4,Saryn Prime Neuroptics Blueprint,8.5,Ash Prime Neuroptics Blueprint,8.5,Venka Prime Gauntlet,22.5,6.35,8.3
Neo V5 Relic,Neo,6.6,Helios Prime Carapace,4.0,Paris Prime String,1.6,Silva & Aegis Prime Hilt,5.5,2X Forma Blueprint,,Burston Prime Barrel,4.5,Vauban Prime Neuroptics Blueprint,31.5,3.94,5.9
Neo V6 Relic,Neo,7.0,Burston Prime Stock,3.0,Cernos Prime Grip,7.0,Forma Blueprint,,Mirage Prime Systems Blueprint,14.0,Fragor Prime Handle,11.9,Vauban Prime Chassis Blueprint,20.0,5.78,8.85
Neo V7 Relic,Neo,6.0,Pyrana Prime Barrel,5.5,Akbolto Prime Blueprint,2.5,Forma Blueprint,,Banshee Prime Blueprint,8.0,Cernos Prime Blueprint,4.85,Valkyr Prime Chassis Blueprint,32.5,4.09,7.15
Neo V8 Relic,Neo,12.5,Loki Prime Blueprint,8.5,Odonata Prime Harness Blueprint,9.5,Wyrm Prime Blueprint,13.5,Bo Prime Handle,15.0,2X Forma Blueprint,,Volt Prime Neuroptics Blueprint,29.0,10.21,11.15
Neo V9 Relic,Neo,8.1,Venka Prime Blades,6.5,Forma Blueprint,,Nyx Prime Blueprint,8.5,Cernos Prime Blueprint,4.85,Lex Prime Blueprint,2.1,Valkyr Prime Chassis Blueprint,32.5,5.21,7.14
Neo W1 Relic,Neo,4.0,Gauss Prime Chassis Blueprint,5.0,Lex Prime Receiver,3.5,Shade Prime Cerebrum,7.0,2X Forma Blueprint,,Dual Keres Prime Handle,8.0,Wisp Prime Chassis Blueprint,16.0,5.13,5.78
Neo W2 Relic,Neo,4.05,Trumna Prime Blueprint,1.55,Nautilus Prime Carapace,6.0,Akbronco Prime Blueprint,2.0,Burston Prime Barrel,4.5,2X Forma Blueprint,,Wisp Prime Blueprint,34.0,3.59,5.89
Neo X1 Relic,Neo,6.6,Lavos Prime Chassis Blueprint,1.5,Akarius Prime Barrel,7.0,Forma Blueprint,,Braton Prime Receiver,3.5,Quassus Prime Blueprint,3.0,Xaku Prime Blueprint,13.0,3.13,4.02
Neo Y1 Relic,Neo,2.66,Fang Prime Blueprint,1.65,Lex Prime Receiver,3.5,Trumna Prime Blueprint,1.55,Styanax Prime Systems Blueprint,5.5,2X Forma Blueprint,,Yareli Prime Systems Blueprint,10.5,2.51,3.27
Neo Y2 Relic,Neo,5.25,Burston Prime Stock,3.0,Venato Prime Handle,2.5,Lex Prime Blueprint,2.1,Steflos Prime Blueprint,14.0,2X Forma Blueprint,,Yareli Prime Systems Blueprint,10.5,3.68,5.12
Neo Z1 Relic,Neo,5.4,Paris Prime Blueprint,3.3,Nekros Prime Chassis Blueprint,8.5,Orthos Prime Handle,1.6,Galatine Prime Handle,5.5,2X Forma Blueprint,,Zephyr Prime Blueprint,16.0,4.32,4.93
Neo Z10 Relic,Neo,2.5,Afuris Prime Blueprint,2.65,Gunsen Prime Blueprint,3.3,Forma Blueprint,,Revenant Prime Neuroptics Blueprint,6.5,Phantasma Prime Blueprint,6.0,Zylok Prime Blueprint,12.0,3.12,4.69
Neo Z11 Relic,Neo,1.0,Forma Blueprint,,Bronco Prime Receiver,3.4,Acceltra Prime Blueprint,2.6,Okina Prime Handle,6.0,Shade Prime Blueprint,7.0,Zylok Prime Blueprint,12.0,3.19,4.8
Neo Z2 Relic,Neo,3.5,Lex Prime Blueprint,2.1,Akbolto Prime Blueprint,2.5,Braton Prime Stock,1.5,Mesa Prime Blueprint,6.0,Pyrana Prime Receiver,8.5,Zephyr Prime Blueprint,16.0,3.46,5.52
Neo Z3 Relic,Neo,3.6,Bronco Prime Receiver,3.4,Zephyr Prime Neuroptics Blueprint,4.0,Forma Blueprint,,Mesa Prime Blueprint,6.0,Akjagara Prime Receiver,10.0,Zhuge Prime Barrel,14.0,3.91,5.83
Neo Z4 Relic,Neo,8.5,Paris Prime String,1.6,Burston Prime Stock,3.0,Kronen Prime Blueprint,4.1,2X Forma Blueprint,,Redeemer Prime Blueprint,4.35,Zephyr Prime Blueprint,16.0,3.0,3.92
Neo Z5 Relic,Neo,2.0,Lex Prime Barrel,3.5,Burston Prime Stock,3.0,Akjagara Prime Blueprint,3.75,Aksomati Prime Barrel,11.5,2X Forma Blueprint,,Zhuge Prime Barrel,14.0,4.14,5.41
Neo Z6 Relic,Neo,4.17,Guandao Prime Blade,8.0,Paris Prime String,1.6,Braton Prime Blueprint,2.55,Tipedo Prime Ornament,10.0,Titania Prime Neuroptics Blueprint,8.0,Zhuge Prime Barrel,14.0,5.34,7.03
Neo Z7 Relic,Neo,5.4,Forma Blueprint,,Wukong Prime Neuroptics Blueprint,8.5,Atlas Prime Blueprint,4.0,Octavia Prime Chassis Blueprint,9.5,Akbronco Prime Link,2.0,Zhuge Prime Barrel,14.0,4.71,5.78
Neo Z8 Relic,Neo,7.0,Kronen Prime Blueprint,4.1,Chroma Prime Chassis Blueprint,8.5,Braton Prime Stock,1.5,Gram Prime Blueprint,7.5,2X Forma Blueprint,,Zephyr Prime Systems Blueprint,40.0,5.2,7.85
Neo Z9 Relic,Neo,7.0,Equinox Prime Chassis Blueprint,4.0,Burston Prime Blueprint,2.45,Forma Blueprint,,Wukong Prime Systems Blueprint,14.0,Ninkondi Prime Chain,4.4,Zhuge Prime Barrel,14.0,3.94,6.16
Vanguard C1 Relic,,9.0,Protea Prime Blueprint,2.6,Ember Prime Chassis Blueprint,8.5,Volt Prime Blueprint,14.0,Mesa Prime Systems Blueprint,15.0,Ash Prime Systems Blueprint,18.0,Caliban Prime Systems Blueprint,13.0,10.25,12.08
Vanguard E1 Relic,,10.6,Protea Prime Neuroptics Blueprint,3.5,Mesa Prime Chassis Blueprint,5.5,Volt Prime Chassis Blueprint,18.5,Caliban Prime Neuroptics Blueprint,10.0,Ash Prime Blueprint,10.0,Ember Prime Blueprint,26.0,9.69,11.18
Vanguard M1 Relic,,11.15,Ember Prime Neuroptics Blueprint,9.0,Ash Prime Chassis Blueprint,12.5,Caliban Prime Blueprint,2.5,Volt Prime Systems Blueprint,8.5,Protea Prime Chassis Blueprint,13.5,Mesa Prime Neuroptics Blueprint,29.0,9.08,11.3
Vanguard P1 Relic,,11.0,Caliban Prime Chassis Blueprint,3.0,Mesa Prime Blueprint,6.0,Ash Prime Neuroptics Blueprint,8.5,Volt Prime Neuroptics Blueprint,29.0,Ember Prime Systems Blueprint,9.0,Protea Prime Systems Blueprint,12.0,8.85,11.72
